Dam Studbook ID,Dam DOH,Dam.Age,Dam.Inbreeding,Sire Studbook ID,Sire DOH,Sire.Age,Sire.Inbreeding,Pair.Inbreeding,Generations,Location,Lay.Date,Lay.Year,Management,Broken,Discarded,Fertile,Pipped,Hatched,Hatch.tot.nm,Hatch.tot,Artificial incubation
D1,21/09/2006,882,0.0697,S37,11/09/2005,1257,0.0854,0.1057,8,Loc1,19/02/2009,2009,c,Y,Y,U,NA,NA,N,N,NA
D1,21/09/2006,900,0.0697,S37,11/09/2005,1275,0.0854,0.1057,8,Loc1,09/03/2009,2009,c,U,U,U,U,U,U,U,U
D1,21/09/2006,943,0.0697,S37,11/09/2005,1318,0.0854,0.1057,8,Loc1,21/04/2009,2009,c,N,N,Y,N,N,N,N,Y
D1,21/09/2006,944,0.0697,S37,11/09/2005,1319,0.0854,0.1057,8,Loc1,22/04/2009,2009,c,Y,Y,U,NA,NA,N,N,NA
D1,21/09/2006,964,0.0697,S37,11/09/2005,1339,0.0854,0.1057,8,Loc1,12/05/2009,2009,c,N,N,N,NA,NA,N,N,Y
D1,21/09/2006,1003,0.0697,S37,11/09/2005,1378,0.0854,0.1057,8,Loc1,20/06/2009,2009,c,Y,Y,U,NA,NA,N,N,NA
D1,21/09/2006,1226,0.0697,S37,11/09/2005,1601,0.0854,0.1057,8,Loc1,29/01/2010,2010,c,Y,Y,U,NA,NA,N,N,NA
D1,21/09/2006,1258,0.0697,S37,11/09/2005,1633,0.0854,0.1057,8,Loc1,02/03/2010,2010,c,N,N,Y,N,N,N,N,Y
D1,21/09/2006,1273,0.0697,S37,11/09/2005,1648,0.0854,0.1057,8,Loc1,17/03/2010,2010,c,N,N,Y,Y,Y,Y,Y,Y
D1,21/09/2006,1275,0.0697,S37,11/09/2005,1650,0.0854,0.1057,8,Loc1,19/03/2010,2010,c,N,N,Y,Y,Y,Y,Y,Y
D1,21/09/2006,1302,0.0697,S37,11/09/2005,1677,0.0854,0.1057,8,Loc1,15/04/2010,2010,c,N,N,Y,N,N,N,N,Y
D1,21/09/2006,1569,0.0697,S37,11/09/2005,1944,0.0854,0.1057,8,Loc1,07/01/2011,2011,c,N,N,Y,Y,Y,Y,Y,Y
D1,21/09/2006,1624,0.0697,S37,11/09/2005,1999,0.0854,0.1057,8,Loc1,03/03/2011,2011,c,N,N,Y,N,N,N,N,Y
D1,21/09/2006,1627,0.0697,S37,11/09/2005,2002,0.0854,0.1057,8,Loc1,06/03/2011,2011,c,N,N,Y,N,N,N,N,Y
D1,21/09/2006,1648,0.0697,S37,11/09/2005,2023,0.0854,0.1057,8,Loc1,27/03/2011,2011,c,N,N,Y,N,N,N,N,Y
D1,21/09/2006,1668,0.0697,S37,11/09/2005,2043,0.0854,0.1057,8,Loc1,16/04/2011,2011,c,N,N,Y,N,N,N,N,Y
D1,21/09/2006,1693,0.0697,S37,11/09/2005,2068,0.0854,0.1057,8,Loc1,11/05/2011,2011,c,N,N,Y,N,N,N,N,Y
D1,21/09/2006,1728,0.0697,S37,11/09/2005,2103,0.0854,0.1057,8,Loc1,15/06/2011,2011,c,N,N,Y,Y,Y,Y,Y,P
D1,21/09/2006,1730,0.0697,S37,11/09/2005,2105,0.0854,0.1057,8,Loc1,17/06/2011,2011,c,N,N,Y,Y,Y,Y,Y,Y
D1,21/09/2006,1768,0.0697,S37,11/09/2005,2143,0.0854,0.1057,8,Loc1,25/07/2011,2011,c,N,N,Y,Y,Y,Y,Y,Y
D2,05/06/2010,685,0.0688,S37,11/09/2005,2413,0.0854,0.0782,8,Loc1,20/04/2012,2012,c,Y,Y,U,NA,NA,N,N,NA
D2,05/06/2010,710,0.0688,S37,11/09/2005,2438,0.0854,0.0782,8,Loc1,15/05/2012,2012,c,N,N,Y,Y,Y,Y,Y,N
D2,05/06/2010,710,0.0688,S37,11/09/2005,2438,0.0854,0.0782,8,Loc1,15/05/2012,2012,c,U,U,U,U,U,U,U,U
D2,05/06/2010,763,0.0688,S37,11/09/2005,2491,0.0854,0.0782,8,Loc1,07/07/2012,2012,c,U,U,U,U,U,U,U,U
D2,05/06/2010,1040,0.0688,S37,11/09/2005,2768,0.0854,0.0782,8,Loc1,10/04/2013,2013,c,N,N,Y,Y,Y,Y,Y,Y
D50,16/08/2011,623,0.1057,S21,12/05/1996,6197,0.0000,0.1006,9,Loc1,30/04/2013,2013,c,U,U,U,U,U,U,U,U
D50,16/08/2011,630,0.1057,S21,12/05/1996,6204,0.0000,0.1006,9,Loc1,07/05/2013,2013,c,U,U,U,U,U,U,U,U
D43,10/06/2008,2072,0.0762,S33,12/10/2004,3409,0.0352,0.0990,7,Loc1,11/02/2014,2014,d,Y,Y,U,NA,NA,N,N,NA
D43,10/06/2008,2076,0.0762,S33,12/10/2004,3413,0.0352,0.0990,7,Loc1,15/02/2014,2014,d,Y,Y,U,NA,NA,N,N,NA
D43,10/06/2008,2120,0.0762,S33,12/10/2004,3457,0.0352,0.0990,7,Loc1,31/03/2014,2014,d,Y,Y,U,NA,NA,N,N,NA
D43,10/06/2008,2124,0.0762,S33,12/10/2004,3461,0.0352,0.0990,7,Loc1,04/04/2014,2014,d,N,N,N,NA,NA,N,N,Y
D41,17/05/2007,2521,0.0195,S40,17/07/2008,2094,0.0762,0.0640,7,Loc1,11/04/2014,2014,d,Y,Y,U,NA,NA,N,N,NA
D41,17/05/2007,2533,0.0195,S40,17/07/2008,2106,0.0762,0.0640,7,Loc1,23/04/2014,2014,d,Y,Y,U,NA,NA,N,N,NA
D41,17/05/2007,2553,0.0195,S40,17/07/2008,2126,0.0762,0.0640,7,Loc1,13/05/2014,2014,d,Y,Y,U,NA,NA,N,N,NA
D41,17/05/2007,2570,0.0195,S40,17/07/2008,2143,0.0762,0.0640,7,Loc1,30/05/2014,2014,d,N,N,Y,Y,Y,Y,Y,Y
D41,17/05/2007,2570,0.0195,S40,17/07/2008,2143,0.0762,0.0640,7,Loc1,30/05/2014,2014,d,N,N,Y,N,N,N,N,Y
D41,17/05/2007,2607,0.0195,S40,17/07/2008,2180,0.0762,0.0640,7,Loc1,06/07/2014,2014,d,N,N,N,NA,NA,N,N,Y
D41,17/05/2007,2607,0.0195,S40,17/07/2008,2180,0.0762,0.0640,7,Loc1,06/07/2014,2014,d,N,N,Y,N,N,N,N,Y
D41,17/05/2007,2628,0.0195,S40,17/07/2008,2201,0.0762,0.0640,7,Loc1,27/07/2014,2014,d,N,N,Y,Y,Y,Y,Y,Y
D41,17/05/2007,2628,0.0195,S40,17/07/2008,2201,0.0762,0.0640,7,Loc1,27/07/2014,2014,d,N,N,Y,N,N,N,N,Y
D42,10/07/2007,2850,0.0195,S33,12/10/2004,3851,0.0352,0.0688,7,Loc1,29/04/2015,2015,d,Y,Y,U,NA,NA,N,N,NA
D42,10/07/2007,2865,0.0195,S33,12/10/2004,3866,0.0352,0.0688,7,Loc1,14/05/2015,2015,d,Y,Y,U,NA,NA,N,N,NA
D35,01/05/2006,3254,0.0697,S40,17/07/2008,2446,0.0762,0.0883,8,Loc1,29/03/2015,2015,d,N,N,Y,Y,Y,Y,Y,Y
D35,01/05/2006,3257,0.0697,S40,17/07/2008,2449,0.0762,0.0883,8,Loc1,01/04/2015,2015,d,N,N,Y,Y,Y,Y,Y,Y
D35,01/05/2006,3281,0.0697,S40,17/07/2008,2473,0.0762,0.0883,8,Loc1,25/04/2015,2015,d,N,N,Y,Y,Y,Y,Y,Y
D35,01/05/2006,3281,0.0697,S40,17/07/2008,2473,0.0762,0.0883,8,Loc1,25/04/2015,2015,d,N,N,Y,Y,Y,Y,Y,Y
D35,01/05/2006,3315,0.0697,S40,17/07/2008,2507,0.0762,0.0883,8,Loc1,29/05/2015,2015,d,N,N,Y,N,N,N,N,Y
D35,01/05/2006,3315,0.0697,S40,17/07/2008,2507,0.0762,0.0883,8,Loc1,29/05/2015,2015,d,N,N,Y,Y,Y,Y,Y,Y
D35,01/05/2006,3618,0.0697,S40,17/07/2008,2810,0.0762,0.0883,8,Loc1,27/03/2016,2016,d,Y,Y,U,NA,NA,N,N,NA
D35,01/05/2006,3731,0.0697,S40,17/07/2008,2923,0.0762,0.0883,8,Loc1,18/07/2016,2016,d,U,U,U,U,U,U,U,Y
D2,05/06/2010,2309,0.0688,S37,11/09/2005,4037,0.0854,0.0782,8,Loc1,30/09/2016,2016,d,N,N,N,NA,NA,N,N,Y
D59,16/05/2015,1471,0.0883,S37,11/09/2005,5005,0.0854,0.1035,9,Loc1,26/05/2019,2019,d,Y,Y,U,NA,NA,N,N,NA
D59,16/05/2015,1487,0.0883,S37,11/09/2005,5021,0.0854,0.1035,9,Loc1,11/06/2019,2019,d,U,U,U,U,U,U,U,Y
D59,16/05/2015,1510,0.0883,S37,11/09/2005,5044,0.0854,0.1035,9,Loc1,04/07/2019,2019,d,N,N,Y,N,N,N,N,Y
D59,16/05/2015,1535,0.0883,S37,11/09/2005,5069,0.0854,0.1035,9,Loc1,29/07/2019,2019,d,N,N,N,NA,NA,N,N,Y
D59,16/05/2015,1856,0.0883,S51,21/04/2012,2976,0.0815,0.1102,9,Loc1,14/06/2020,2020,d,N,N,Y,Y,Y,Y,Y,Y
D59,16/05/2015,1886,0.0883,S51,21/04/2012,3006,0.0815,0.1102,9,Loc1,14/07/2020,2020,d,N,N,N,NA,NA,N,N,Y
D59,16/05/2015,1912,0.0883,S51,21/04/2012,3032,0.0815,0.1102,9,Loc1,09/08/2020,2020,d,N,N,N,NA,NA,N,N,Y
D59,16/05/2015,2136,0.0883,S51,21/04/2012,3256,0.0815,0.1102,9,Loc1,21/03/2021,2021,d,Y,Y,U,NA,NA,N,N,NA
D59,16/05/2015,2137,0.0883,S51,21/04/2012,3257,0.0815,0.1102,9,Loc1,22/03/2021,2021,d,N,N,Y,Y,Y,Y,Y,Y
D59,16/05/2015,2149,0.0883,S51,21/04/2012,3269,0.0815,0.1102,9,Loc1,03/04/2021,2021,d,N,N,Y,Y,Y,Y,Y,Y
D59,16/05/2015,2154,0.0883,S51,21/04/2012,3274,0.0815,0.1102,9,Loc1,08/04/2021,2021,d,N,N,Y,N,N,N,N,Y
D59,16/05/2015,2168,0.0883,S51,21/04/2012,3288,0.0815,0.1102,9,Loc1,22/04/2021,2021,d,N,N,Y,N,N,N,N,Y
D59,16/05/2015,2182,0.0883,S51,21/04/2012,3302,0.0815,0.1102,9,Loc1,06/05/2021,2021,d,N,N,Y,N,N,N,N,Y
D59,16/05/2015,2198,0.0883,S51,21/04/2012,3318,0.0815,0.1102,9,Loc1,22/05/2021,2021,d,N,N,Y,Y,Y,Y,Y,Y
D59,16/05/2015,2241,0.0883,S51,21/04/2012,3361,0.0815,0.1102,9,Loc1,04/07/2021,2021,d,N,N,N,NA,NA,N,N,Y
D4,U,U,0.0000,S5,U,U,0.0000,0.0000,1,Loc1,23/04/1986,1986,a,N,N,N,NA,NA,N,N,Y
D4,U,U,0.0000,S5,U,U,0.0000,0.0000,1,Loc1,23/04/1986,1986,a,N,N,N,NA,NA,N,N,Y
D4,U,U,0.0000,S5,U,U,0.0000,0.0000,1,Loc1,27/05/1986,1986,a,N,N,Y,Y,Y,Y,Y,Y
D4,U,U,0.0000,S5,U,U,0.0000,0.0000,1,Loc1,28/05/1986,1986,a,N,N,Y,Y,Y,Y,Y,Y
D4,U,U,0.0000,S5,U,U,0.0000,0.0000,1,Loc1,01/06/1986,1986,a,N,N,N,NA,NA,N,N,Y
D4,U,U,0.0000,S5,U,U,0.0000,0.0000,1,Loc1,03/07/1986,1986,a,N,N,N,NA,NA,N,N,Y
D4,U,U,0.0000,S5,U,U,0.0000,0.0000,1,Loc1,04/07/1986,1986,a,N,N,N,NA,NA,N,N,Y
D4,U,U,0.0000,S5,U,U,0.0000,0.0000,1,Loc1,08/11/1986,1986,a,N,N,N,NA,NA,N,N,Y
D4,U,U,0.0000,S5,U,U,0.0000,0.0000,1,Loc1,08/11/1986,1986,a,N,N,N,NA,NA,N,N,Y
D4,U,U,0.0000,S5,U,U,0.0000,0.0000,1,Loc1,28/05/1987,1987,a,N,N,Y,Y,Y,Y,Y,Y
D4,U,U,0.0000,S5,U,U,0.0000,0.0000,1,Loc1,15/05/1987,1987,a,N,N,Y,Y,Y,Y,Y,N
D4,U,U,0.0000,S5,U,U,0.0000,0.0000,1,Loc1,05/06/1987,1987,a,N,N,Y,Y,Y,Y,Y,Y
D4,U,U,0.0000,S5,U,U,0.0000,0.0000,1,Loc1,06/06/1987,1987,a,N,N,Y,Y,Y,Y,Y,Y
D4,U,U,0.0000,S5,U,U,0.0000,0.0000,1,Loc1,06/06/1987,1987,a,U,U,U,U,U,U,U,Y
D4,U,U,0.0000,S5,U,U,0.0000,0.0000,1,Loc1,13/07/1987,1987,a,U,U,U,U,U,U,U,Y
D4,U,U,0.0000,S5,U,U,0.0000,0.0000,1,Loc1,07/04/1988,1988,a,N,N,Y,Y,Y,Y,Y,Y
D4,U,U,0.0000,S5,U,U,0.0000,0.0000,1,Loc1,08/04/1988,1988,a,N,N,Y,Y,Y,Y,Y,Y
D4,U,U,0.0000,S5,U,U,0.0000,0.0000,1,Loc1,11/04/1988,1988,a,N,N,Y,Y,Y,Y,Y,Y
D4,U,U,0.0000,S5,U,U,0.0000,0.0000,1,Loc1,13/04/1988,1988,a,N,N,Y,Y,Y,Y,Y,Y
D4,U,U,0.0000,S5,U,U,0.0000,0.0000,1,Loc1,13/06/1988,1988,a,N,N,Y,Y,Y,Y,Y,Y
D4,U,U,0.0000,S5,U,U,0.0000,0.0000,1,Loc1,14/06/1988,1988,a,N,N,Y,Y,Y,Y,Y,Y
D4,U,U,0.0000,S5,U,U,0.0000,0.0000,1,Loc1,21/07/1988,1988,a,U,U,U,U,U,U,U,Y
D4,U,U,0.0000,S5,U,U,0.0000,0.0000,1,Loc1,21/07/1988,1988,a,U,U,U,U,U,U,U,Y
D4,U,U,0.0000,S5,U,U,0.0000,0.0000,1,Loc1,26/03/1989,1989,a,N,N,Y,Y,Y,Y,Y,Y
D4,U,U,0.0000,S5,U,U,0.0000,0.0000,1,Loc1,28/03/1989,1989,a,N,N,Y,Y,Y,Y,Y,Y
D4,U,U,0.0000,S5,U,U,0.0000,0.0000,1,Loc1,02/05/1989,1989,a,N,N,Y,Y,Y,Y,Y,Y
D4,U,U,0.0000,S5,U,U,0.0000,0.0000,1,Loc1,07/07/1989,1989,a,N,N,N,NA,NA,N,N,Y
D4,U,U,0.0000,S5,U,U,0.0000,0.0000,1,Loc1,09/07/1989,1989,a,N,N,N,NA,NA,N,N,Y
D4,U,U,0.0000,S5,U,U,0.0000,0.0000,1,Loc1,26/03/1990,1990,a,N,N,N,NA,NA,N,N,Y
D4,U,U,0.0000,S5,U,U,0.0000,0.0000,1,Loc1,28/06/1990,1990,a,N,N,N,NA,NA,N,N,Y
D4,U,U,0.0000,S5,U,U,0.0000,0.0000,1,Loc1,11/04/1991,1991,a,N,N,Y,Y,Y,Y,Y,Y
D4,U,U,0.0000,S5,U,U,0.0000,0.0000,1,Loc1,11/04/1991,1991,a,N,N,N,NA,NA,N,N,Y
D4,U,U,0.0000,S5,U,U,0.0000,0.0000,1,Loc1,23/05/1991,1991,a,N,N,N,NA,NA,N,N,Y
D4,U,U,0.0000,S5,U,U,0.0000,0.0000,1,Loc1,23/05/1991,1991,a,N,N,N,NA,NA,N,N,Y
D7,19/06/1986,635,0.0000,S7,03/06/1986,651,0.0000,0.0000,2,Loc1,15/03/1988,1988,a,Y,Y,U,NA,NA,N,N,NA
D7,19/06/1986,671,0.0000,S7,03/06/1986,687,0.0000,0.0000,2,Loc1,20/04/1988,1988,a,N,N,N,NA,NA,N,N,Y
D7,19/06/1986,1022,0.0000,S7,03/06/1986,1038,0.0000,0.0000,2,Loc1,06/04/1989,1989,a,Y,Y,U,NA,NA,N,N,NA
D7,19/06/1986,1071,0.0000,S7,03/06/1986,1087,0.0000,0.0000,2,Loc1,25/05/1989,1989,a,U,U,U,U,U,U,U,U
D7,19/06/1986,1080,0.0000,S7,03/06/1986,1096,0.0000,0.0000,2,Loc1,03/06/1989,1989,a,U,U,U,U,U,U,U,U
D7,19/06/1986,1099,0.0000,S7,03/06/1986,1115,0.0000,0.0000,2,Loc1,22/06/1989,1989,a,N,N,Y,Y,Y,Y,Y,Y
D7,19/06/1986,1316,0.0000,S7,03/06/1986,1332,0.0000,0.0000,2,Loc1,25/01/1990,1990,a,N,N,Y,Y,Y,Y,Y,Y
D7,19/06/1986,1365,0.0000,S7,03/06/1986,1381,0.0000,0.0000,2,Loc1,15/03/1990,1990,a,Y,Y,U,NA,NA,N,N,NA
D7,19/06/1986,1379,0.0000,S7,03/06/1986,1395,0.0000,0.0000,2,Loc1,29/03/1990,1990,a,N,N,Y,Y,Y,Y,Y,Y
D7,19/06/1986,1385,0.0000,S7,03/06/1986,1401,0.0000,0.0000,2,Loc1,04/04/1990,1990,a,N,N,Y,Y,Y,Y,Y,Y
D7,19/06/1986,1427,0.0000,S7,03/06/1986,1443,0.0000,0.0000,2,Loc1,16/05/1990,1990,a,N,N,Y,Y,Y,Y,Y,Y
D8,24/05/1987,382,0.0000,S8,02/09/1986,646,0.0000,0.0000,2,Loc1,09/06/1988,1988,a,N,N,Y,Y,Y,Y,Y,Y
D8,24/05/1987,383,0.0000,S8,02/09/1986,647,0.0000,0.0000,2,Loc1,10/06/1988,1988,a,N,N,Y,Y,Y,Y,Y,Y
D8,24/05/1987,417,0.0000,S8,02/09/1986,681,0.0000,0.0000,2,Loc1,14/07/1988,1988,a,N,N,Y,Y,Y,Y,Y,Y
D8,24/05/1987,457,0.0000,S8,02/09/1986,721,0.0000,0.0000,2,Loc1,23/08/1988,1988,a,N,N,Y,Y,Y,Y,Y,Y
D8,24/05/1987,460,0.0000,S8,02/09/1986,724,0.0000,0.0000,2,Loc1,26/08/1988,1988,a,N,N,Y,Y,Y,Y,Y,Y
D8,24/05/1987,1130,0.0000,S8,02/09/1986,1394,0.0000,0.0000,2,Loc1,27/06/1990,1990,a,N,N,Y,Y,Y,Y,Y,Y
D8,24/05/1987,1132,0.0000,S8,02/09/1986,1396,0.0000,0.0000,2,Loc1,29/06/1990,1990,a,N,N,Y,Y,Y,Y,Y,Y
D12,19/07/1990,322,0.0000,S7,03/06/1986,1829,0.0000,0.0000,3,Loc1,06/06/1991,1991,a,N,N,N,NA,NA,N,N,Y
D12,19/07/1990,325,0.0000,S7,03/06/1986,1832,0.0000,0.0000,3,Loc1,09/06/1991,1991,a,N,N,N,NA,NA,N,N,Y
D12,19/07/1990,542,0.0000,S7,03/06/1986,2049,0.0000,0.0000,3,Loc1,12/01/1992,1992,a,Y,Y,U,NA,NA,N,N,NA
D12,19/07/1990,544,0.0000,S7,03/06/1986,2051,0.0000,0.0000,3,Loc1,14/01/1992,1992,a,Y,Y,U,NA,NA,N,N,NA
D12,19/07/1990,597,0.0000,S7,03/06/1986,2104,0.0000,0.0000,3,Loc1,07/03/1992,1992,a,Y,Y,U,NA,NA,N,N,NA
D12,19/07/1990,601,0.0000,S7,03/06/1986,2108,0.0000,0.0000,3,Loc1,11/03/1992,1992,a,Y,Y,U,NA,NA,N,N,NA
D12,19/07/1990,603,0.0000,S7,03/06/1986,2110,0.0000,0.0000,3,Loc1,13/03/1992,1992,a,Y,Y,U,NA,NA,N,N,NA
D12,19/07/1990,626,0.0000,S7,03/06/1986,2133,0.0000,0.0000,3,Loc1,05/04/1992,1992,a,Y,Y,U,NA,NA,N,N,NA
D12,19/07/1990,656,0.0000,S7,03/06/1986,2163,0.0000,0.0000,3,Loc1,05/05/1992,1992,a,Y,Y,U,NA,NA,N,N,NA
D12,19/07/1990,643,0.0000,S7,03/06/1986,2150,0.0000,0.0000,3,Loc1,22/04/1992,1992,a,Y,Y,U,NA,NA,N,N,NA
D12,19/07/1990,663,0.0000,S7,03/06/1986,2170,0.0000,0.0000,3,Loc1,12/05/1992,1992,a,Y,Y,U,NA,NA,N,N,NA
D12,19/07/1990,1039,0.0000,S7,03/06/1986,2546,0.0000,0.0000,3,Loc1,23/05/1993,1993,b,N,N,N,NA,NA,N,N,Y
D12,19/07/1990,1029,0.0000,S7,03/06/1986,2536,0.0000,0.0000,3,Loc1,13/05/1993,1993,b,N,N,N,NA,NA,N,N,Y
D12,19/07/1990,1055,0.0000,S7,03/06/1986,2562,0.0000,0.0000,3,Loc1,08/06/1993,1993,b,N,N,N,NA,NA,N,N,Y
D12,19/07/1990,1065,0.0000,S7,03/06/1986,2572,0.0000,0.0000,3,Loc1,18/06/1993,1993,b,N,N,N,NA,NA,N,N,Y
D12,19/07/1990,1052,0.0000,S7,03/06/1986,2559,0.0000,0.0000,3,Loc1,05/06/1993,1993,b,N,N,N,NA,NA,N,N,Y
D12,19/07/1990,1065,0.0000,S7,03/06/1986,2572,0.0000,0.0000,3,Loc1,18/06/1993,1993,b,N,N,N,NA,NA,N,N,Y
D12,19/07/1990,1112,0.0000,S7,03/06/1986,2619,0.0000,0.0000,3,Loc1,04/08/1993,1993,b,Y,Y,U,NA,NA,N,N,NA
D12,19/07/1990,1115,0.0000,S7,03/06/1986,2622,0.0000,0.0000,3,Loc1,07/08/1993,1993,b,N,N,N,NA,NA,N,N,Y
D12,19/07/1990,1367,0.0000,S7,03/06/1986,2874,0.0000,0.0000,3,Loc1,16/04/1994,1994,b,Y,Y,U,NA,NA,N,N,NA
D12,19/07/1990,1412,0.0000,S7,03/06/1986,2919,0.0000,0.0000,3,Loc1,31/05/1994,1994,b,N,N,N,NA,NA,N,N,Y
D12,19/07/1990,1414,0.0000,S7,03/06/1986,2921,0.0000,0.0000,3,Loc1,02/06/1994,1994,b,N,N,N,NA,NA,N,N,Y
D12,19/07/1990,1440,0.0000,S7,03/06/1986,2947,0.0000,0.0000,3,Loc1,28/06/1994,1994,b,N,N,N,NA,NA,N,N,Y
D12,19/07/1990,1454,0.0000,S7,03/06/1986,2961,0.0000,0.0000,3,Loc1,12/07/1994,1994,b,N,N,N,NA,NA,N,N,Y
D12,19/07/1990,1471,0.0000,S7,03/06/1986,2978,0.0000,0.0000,3,Loc1,29/07/1994,1994,b,N,N,N,NA,NA,N,N,Y
D31,25/06/2004,666,0.0391,S9,10/05/1987,6922,0,0.0156,6,Loc2,22/04/2006,2006,c,N,N,N,NA,NA,N,N,N
D31,25/06/2004,668,0.0391,S9,10/05/1987,6924,0,0.0156,6,Loc2,24/04/2006,2006,c,N,N,N,NA,NA,N,N,N
D13,U,,,S21,12/05/1996,,0.0000,NA,3,Loc2,U,2006,c,Y,Y,U,NA,NA,N,N,NA
D13,U,,,S21,12/05/1996,3698,0.0000,NA,3,Loc2,27/06/2006,2006,c,N,N,N,NA,NA,N,N,N
D31,25/06/2004,,0.0391,S9,10/05/1987,,0,0.0156,6,Loc2,U,2006,c,N,N,N,NA,NA,N,N,N
D31,25/06/2004,,0.0391,S9,10/05/1987,,0,0.0156,6,Loc2,U,2006,c,N,N,N,NA,NA,N,N,N
D31,25/06/2004,,0.0391,S9,10/05/1987,,0,0.0156,6,Loc2,U,2006,c,N,N,N,NA,NA,N,N,N
D13,U,,,NA,NA,NA,NA,NA,NA,Loc2,17/07/2006,2006,c,Y,Y,NA,NA,NA,NA,N,N
D13,U,,,S21,12/05/1996,,0.0000,NA,3,Loc2,U,2006,c,N,Y,N,NA,NA,N,N,N
D31,25/06/2004,,0.0391,S9,10/05/1987,,0,0.0156,6,Loc2,U,2007,c,N,N,N,NA,NA,N,N,N
D31,25/06/2004,,0.0391,S9,10/05/1987,,0,0.0156,6,Loc2,U,2007,c,N,N,N,NA,NA,N,N,N
D31,25/06/2004,1060,0.0391,S9,10/05/1987,7316,0,0.0156,6,Loc2,21/05/2007,2007,c,N,N,N,NA,NA,N,N,N
D31,25/06/2004,1062,0.0391,S9,10/05/1987,7318,0,0.0156,6,Loc2,23/05/2007,2007,c,N,N,N,NA,NA,N,N,N
D31,25/06/2004,,0.0391,S9,10/05/1987,,0,0.0156,6,Loc2,U,2007,c,N,N,N,NA,NA,N,N,N
D31,25/06/2004,,0.0391,S9,10/05/1987,,0,0.0156,6,Loc2,U,2007,c,N,N,N,NA,NA,N,N,N
D31,25/06/2004,,0.0391,S9,10/05/1987,,0,0.0156,6,Loc2,U,2007,c,N,N,N,NA,NA,N,N,N
D31,25/06/2004,,0.0391,S9,10/05/1987,,0,0.0156,6,Loc2,U,2007,c,N,N,N,NA,NA,N,N,N
D31,25/06/2004,1133,0.0391,S9,10/05/1987,7389,0,0.0156,6,Loc2,02/08/2007,2007,c,N,N,N,NA,NA,N,N,N
D31,25/06/2004,1135,0.0391,S9,10/05/1987,7391,0,0.0156,6,Loc2,04/08/2007,2007,c,N,N,N,NA,NA,N,N,N
D31,25/06/2004,1160,0.0391,S9,10/05/1987,7416,0,0.0156,6,Loc2,29/08/2007,2007,c,N,N,N,NA,NA,N,N,N
D31,25/06/2004,1162,0.0391,S9,10/05/1987,7418,0,0.0156,6,Loc2,31/08/2007,2007,c,N,N,N,NA,NA,N,N,N
D27,24/03/1999,,0.0625,S23,12/09/1998,,0.0000,0.0313,5,Loc2,U,2008,c,Y,Y,U,NA,NA,N,N,NA
D31,25/06/2004,1373,0.0391,NA,NA,NA,NA,NA,NA,Loc2,29/03/2008,2008,c,N,N,NA,NA,NA,NA,N,N
D31,25/06/2004,1375,0.0391,NA,NA,NA,NA,NA,NA,Loc2,31/03/2008,2008,c,N,N,NA,NA,NA,NA,N,N
D33,12/07/2004,1426,0.0195,S15,30/07/1991,6157,0.0000,0.0762,6,Loc2,07/06/2008,2008,c,N,N,N,NA,NA,N,N,N
D33,12/07/2004,1428,0.0195,S15,30/07/1991,6159,0.0000,0.0762,6,Loc2,09/06/2008,2008,c,N,N,N,NA,NA,N,N,N
D33,12/07/2004,1448,0.0195,S15,30/07/1991,6179,0.0000,0.0762,6,Loc2,29/06/2008,2008,c,N,N,N,NA,NA,N,N,N
D33,12/07/2004,1450,0.0195,S15,30/07/1991,6181,0.0000,0.0762,6,Loc2,01/07/2008,2008,c,N,N,N,NA,NA,N,N,N
D33,12/07/2004,1452,0.0195,S15,30/07/1991,6183,0.0000,0.0762,6,Loc2,03/07/2008,2008,c,N,N,N,NA,NA,N,N,N
D33,12/07/2004,1665,0.0195,NA,NA,NA,NA,NA,NA,Loc2,01/02/2009,2009,c,N,N,NA,NA,NA,NA,N,N
D33,12/07/2004,1666,0.0195,NA,NA,NA,NA,NA,NA,Loc2,02/02/2009,2009,c,N,N,NA,NA,NA,NA,N,N
D37,17/07/2006,1000,0.0697,S38,27/04/2006,1081,0.0762,0.0883,8,Loc2,12/04/2009,2009,c,N,N,N,NA,NA,N,N,N
D37,17/07/2006,1001,0.0697,S38,27/04/2006,1082,0.0762,0.0883,8,Loc2,13/04/2009,2009,c,N,N,N,NA,NA,N,N,N
D37,17/07/2006,1033,0.0697,S38,27/04/2006,1114,0.0762,0.0883,8,Loc2,15/05/2009,2009,c,N,N,Y,Y,Y,Y,Y,N
D37,17/07/2006,,0.0697,S38,27/04/2006,,0.0762,0.0883,8,Loc2,U,2009,c,N,N,Y,N,N,N,N,N
D37,17/07/2006,1105,0.0697,S38,27/04/2006,1186,0.0762,0.0883,8,Loc2,26/07/2009,2009,c,N,N,Y,Y,Y,Y,Y,P
D37,17/07/2006,1315,0.0697,S38,27/04/2006,1396,0.0762,0.0883,8,Loc2,21/02/2010,2010,c,N,N,Y,N,N,N,N,N
D37,17/07/2006,1344,0.0697,S38,27/04/2006,1425,0.0762,0.0883,8,Loc2,22/03/2010,2010,c,N,N,Y,Y,Y,Y,Y,P
D42,10/07/2007,992,0.0195,S21,12/05/1996,5068,0.0000,0.0586,6,Loc2,28/03/2010,2010,c,N,N,N,NA,NA,N,N,N
D37,17/07/2006,1358,0.0697,S38,27/04/2006,1439,0.0762,0.0883,8,Loc2,05/04/2010,2010,c,N,N,Y,Y,Y,Y,Y,P
D42,10/07/2007,,0.0195,S21,12/05/1996,,0.0000,0.0586,6,Loc2,U,2010,c,N,N,N,NA,NA,N,N,N
D37,17/07/2006,1375,0.0697,S38,27/04/2006,1456,0.0762,0.0883,8,Loc2,22/04/2010,2010,c,N,N,Y,Y,Y,Y,Y,N
D37,17/07/2006,,0.0697,S38,27/04/2006,,0.0762,0.0883,8,Loc2,U,2010,c,N,N,Y,Y,N,N,N,P
D42,10/07/2007,,0.0195,S21,12/05/1996,,0.0000,0.0586,6,Loc2,U,2010,c,N,N,N,NA,NA,N,N,N
D42,10/07/2007,,0.0195,S21,12/05/1996,,0.0000,0.0586,6,Loc2,U,2010,c,N,N,N,NA,NA,N,N,N
D42,10/07/2007,,0.0195,S21,12/05/1996,,0.0000,0.0586,6,Loc2,U,2010,c,N,N,N,NA,NA,N,N,N
D37,17/07/2006,1417,0.0697,S38,27/04/2006,1498,0.0762,0.0883,8,Loc2,03/06/2010,2010,c,N,N,Y,N,N,N,N,P
D42,10/07/2007,1064,0.0195,S21,12/05/1996,5140,0.0000,0.0586,6,Loc2,08/06/2010,2010,c,N,N,N,NA,NA,N,N,N
D42,10/07/2007,1064,0.0195,S21,12/05/1996,5140,0.0000,0.0586,6,Loc2,08/06/2010,2010,c,N,N,N,NA,NA,N,N,N
D42,10/07/2007,,0.0195,S21,12/05/1996,,0.0000,0.0586,6,Loc2,U,2010,c,N,N,N,NA,NA,N,N,N
D42,10/07/2007,,0.0195,S21,12/05/1996,,0.0000,0.0586,6,Loc2,U,2010,c,N,N,N,NA,NA,N,N,N
D37,17/07/2006,1454,0.0697,S38,27/04/2006,1535,0.0762,0.0883,8,Loc2,10/07/2010,2010,c,N,N,Y,Y,Y,Y,Y,N
D37,17/07/2006,1461,0.0697,S38,27/04/2006,1542,0.0762,0.0883,8,Loc2,17/07/2010,2010,c,N,N,Y,Y,Y,Y,Y,N
D42,10/07/2007,,0.0195,S21,12/05/1996,,0.0000,0.0586,6,Loc2,U,2010,c,N,N,N,NA,NA,N,N,N
D42,10/07/2007,,0.0195,S21,12/05/1996,,0.0000,0.0586,6,Loc2,U,2010,c,Y,Y,U,NA,NA,N,N,NA
D42,10/07/2007,,0.0195,S21,12/05/1996,,0.0000,0.0586,6,Loc2,U,2010,c,Y,Y,U,NA,NA,N,N,NA
D42,10/07/2007,,0.0195,S21,12/05/1996,,0.0000,0.0586,6,Loc2,U,2010,c,N,N,N,NA,NA,N,N,N
D42,10/07/2007,1344,0.0195,NA,NA,NA,NA,NA,NA,Loc2,15/03/2011,2011,c,Y,Y,NA,NA,NA,NA,N,N
D42,10/07/2007,1348,0.0195,S21,12/05/1996,5424,0.0000,0.0586,6,Loc2,19/03/2011,2011,c,Y,Y,U,NA,NA,N,N,NA
D37,17/07/2006,1720,0.0697,S38,27/04/2006,1801,0.0762,0.0883,8,Loc2,02/04/2011,2011,c,N,N,Y,Y,Y,Y,Y,P
D37,17/07/2006,1725,0.0697,S38,27/04/2006,1806,0.0762,0.0883,8,Loc2,07/04/2011,2011,c,N,N,Y,Y,Y,Y,Y,P
D42,10/07/2007,,0.0195,S21,12/05/1996,,0.0000,0.0586,6,Loc2,U,2011,c,N,N,N,NA,NA,N,N,N
D37,17/07/2006,1837,0.0697,NA,NA,NA,NA,NA,NA,Loc2,28/07/2011,2011,c,N,N,NA,NA,NA,NA,N,N
D33,12/07/2004,2739,0.0195,S23,12/09/1998,4869,0.0000,0.0762,6,Loc2,11/01/2012,2012,c,Y,Y,U,NA,NA,N,N,NA
D33,12/07/2004,,0.0195,S23,12/09/1998,,0.0000,0.0762,6,Loc2,U,2012,c,Y,Y,U,NA,NA,N,N,NA
D33,12/07/2004,,0.0195,S23,12/09/1998,,0.0000,0.0762,6,Loc2,U,2012,c,Y,Y,U,NA,NA,N,N,NA
D33,12/07/2004,,0.0195,NA,NA,NA,NA,NA,NA,Loc2,U,2012,c,Y,Y,NA,NA,NA,NA,N,N
D33,12/07/2004,2824,0.0195,S23,12/09/1998,4954,0.0000,0.0762,6,Loc2,05/04/2012,2012,c,Y,Y,U,NA,NA,N,N,NA
D33,12/07/2004,,0.0195,S23,12/09/1998,,0.0000,0.0762,6,Loc2,U,2012,c,Y,Y,U,NA,NA,N,N,NA
D33,12/07/2004,,0.0195,S23,12/09/1998,,0.0000,0.0762,6,Loc2,U,2012,c,Y,Y,U,NA,NA,N,N,NA
D45,08/08/2010,,0.0883,S47,20/05/2010,,0.0688,0.0846,9,Loc2,U,2012,c,N,N,N,NA,NA,N,N,N
D36,07/07/2005,,0.0195,S48,01/08/2010,,0.0883,0.0731,9,Loc2,U,2012,c,N,N,N,NA,NA,N,N,N
D36,07/07/2005,,0.0195,S48,01/08/2010,,0.0883,0.0731,9,Loc2,U,2012,c,N,N,N,NA,NA,N,N,N
D33,12/07/2004,2875,0.0195,S23,12/09/1998,5005,0.0000,0.0762,6,Loc2,26/05/2012,2012,c,N,N,Y,Y,Y,Y,Y,P
D33,12/07/2004,2877,0.0195,S23,12/09/1998,5007,0.0000,0.0762,6,Loc2,28/05/2012,2012,c,N,N,Y,Y,Y,Y,Y,P
D33,12/07/2004,,0.0195,S23,12/09/1998,,0.0000,0.0762,6,Loc2,U,2012,c,Y,Y,U,NA,NA,N,N,NA
D45,08/08/2010,659,0.0883,S47,20/05/2010,739,0.0688,0.0846,9,Loc2,28/05/2012,2012,c,N,N,Y,Y,Y,Y,Y,N
D45,08/08/2010,,0.0883,S47,20/05/2010,,0.0688,0.0846,9,Loc2,U,2012,c,N,N,Y,N,N,N,N,N
D42,10/07/2007,1797,0.0195,S21,12/05/1996,5873,0.0000,0.0586,6,Loc2,10/06/2012,2012,c,Y,Y,U,NA,NA,N,N,NA
D42,10/07/2007,,0.0195,S21,12/05/1996,,0.0000,0.0586,6,Loc2,U,2012,c,N,N,Y,N,N,N,N,N
D36,07/07/2005,,0.0195,S48,01/08/2010,,0.0883,0.0731,9,Loc2,U,2012,c,N,N,Y,N,N,N,N,N
D33,12/07/2004,,0.0195,S23,12/09/1998,,0.0000,0.0762,6,Loc2,U,2012,c,Y,Y,U,NA,NA,N,N,NA
D33,12/07/2004,,0.0195,S23,12/09/1998,,0.0000,0.0762,6,Loc2,U,2012,c,Y,Y,U,NA,NA,N,N,NA
D36,07/07/2005,,0.0195,S48,01/08/2010,,0.0883,0.0731,9,Loc2,U,2012,c,N,N,Y,N,N,N,N,N
D45,08/08/2010,694,0.0883,S47,20/05/2010,774,0.0688,0.0846,9,Loc2,02/07/2012,2012,c,N,N,Y,N,N,N,N,N
D33,12/07/2004,2920,0.0195,S23,12/09/1998,5050,0.0000,0.0762,6,Loc2,10/07/2012,2012,c,Y,Y,U,NA,NA,N,N,NA
D42,10/07/2007,1834,0.0195,S21,12/05/1996,5910,0.0000,0.0586,6,Loc2,17/07/2012,2012,c,N,N,N,NA,NA,N,N,N
D42,10/07/2007,,0.0195,S21,12/05/1996,,0.0000,0.0586,6,Loc2,U,2012,c,N,N,N,NA,NA,N,N,N
D33,12/07/2004,2930,0.0195,S23,12/09/1998,5060,0.0000,0.0762,6,Loc2,20/07/2012,2012,c,N,N,Y,Y,Y,Y,Y,P
D33,12/07/2004,,0.0195,S23,12/09/1998,,0.0000,0.0762,6,Loc2,U,2012,c,N,N,Y,N,N,N,N,P
D45,08/08/2010,,0.0883,S47,20/05/2010,,0.0688,0.0846,9,Loc2,U,2012,c,N,N,N,NA,NA,N,N,N
D33,12/07/2004,,0.0195,S23,12/09/1998,,0.0000,0.0762,6,Loc2,U,2013,c,Y,Y,U,NA,NA,N,N,NA
D33,12/07/2004,3186,0.0195,S23,12/09/1998,5316,0.0000,0.0762,6,Loc2,02/04/2013,2013,c,Y,Y,U,NA,NA,N,N,NA
D33,12/07/2004,,0.0195,S23,12/09/1998,,0.0000,0.0762,6,Loc2,U,2013,c,N,N,Y,N,N,N,N,Y
D45,08/08/2010,992,0.0883,S47,20/05/2010,1072,0.0688,0.0846,9,Loc2,26/04/2013,2013,c,Y,Y,U,NA,NA,N,N,NA
D33,12/07/2004,3219,0.0195,S23,12/09/1998,5349,0.0000,0.0762,6,Loc2,05/05/2013,2013,c,N,N,Y,N,N,N,N,Y
D33,12/07/2004,3221,0.0195,S23,12/09/1998,5351,0.0000,0.0762,6,Loc2,07/05/2013,2013,c,N,N,Y,Y,Y,Y,Y,Y
D42,10/07/2007,2151,0.0195,S44,09/04/2010,1147,0.0718,0.0792,9,Loc2,30/05/2013,2013,c,Y,Y,U,NA,NA,N,N,NA
D36,07/07/2005,2886,0.0195,S48,01/08/2010,1035,0.0883,0.0731,9,Loc2,01/06/2013,2013,c,N,N,Y,N,N,N,N,N
D33,12/07/2004,3245,0.0195,S23,12/09/1998,5375,0.0000,0.0762,6,Loc2,31/05/2013,2013,c,N,N,Y,Y,Y,Y,Y,Y
D33,12/07/2004,3247,0.0195,S23,12/09/1998,5377,0.0000,0.0762,6,Loc2,02/06/2013,2013,c,N,N,Y,N,N,N,N,Y
D36,07/07/2005,2888,0.0195,S48,01/08/2010,1037,0.0883,0.0731,9,Loc2,03/06/2013,2013,c,N,N,Y,Y,Y,Y,Y,N
D42,10/07/2007,2158,0.0195,S44,09/04/2010,1154,0.0718,0.0792,9,Loc2,06/06/2013,2013,c,Y,Y,Y,NA,NA,N,N,NA
D33,12/07/2004,,0.0195,S23,12/09/1998,,0.0000,0.0762,6,Loc2,U,2013,c,N,N,N,NA,NA,N,N,Y
D33,12/07/2004,3263,0.0195,S23,12/09/1998,5393,0.0000,0.0762,6,Loc2,18/06/2013,2013,c,N,N,Y,N,N,N,N,Y
D33,12/07/2004,3285,0.0195,S23,12/09/1998,5415,0.0000,0.0762,6,Loc2,10/07/2013,2013,c,N,N,U,N,N,N,N,NA
D33,12/07/2004,3286,0.0195,S23,12/09/1998,5416,0.0000,0.0762,6,Loc2,11/07/2013,2013,c,N,N,U,N,N,N,N,NA
D36,07/07/2005,2929,0.0195,S48,01/08/2010,1078,0.0883,0.0731,9,Loc2,14/07/2013,2013,c,Y,Y,U,NA,NA,N,N,NA
D36,07/07/2005,2932,0.0195,S48,01/08/2010,1081,0.0883,0.0731,9,Loc2,17/07/2013,2013,c,Y,Y,U,NA,NA,N,N,NA
D33,12/07/2004,,0.0195,S23,12/09/1998,,0.0000,0.0762,6,Loc2,U,2013,c,Y,Y,U,NA,NA,N,N,NA
D33,12/07/2004,,0.0195,S23,12/09/1998,,0.0000,0.0762,6,Loc2,U,2013,c,N,N,Y,N,N,N,N,Y
D36,07/07/2005,2950,0.0195,S48,01/08/2010,1099,0.0883,0.0731,9,Loc2,04/08/2013,2013,c,Y,Y,U,NA,NA,N,N,NA
D36,07/07/2005,2951,0.0195,S48,01/08/2010,1100,0.0883,0.0731,9,Loc2,05/08/2013,2013,c,N,N,N,NA,NA,N,N,Y
D33,12/07/2004,,0.0195,S23,12/09/1998,,0.0000,0.0762,6,Loc2,U,2013,c,Y,Y,U,NA,NA,N,N,NA
D36,07/07/2005,3172,0.0195,S48,01/08/2010,1321,0.0883,0.0731,9,Loc2,14/03/2014,2014,d,N,N,Y,N,N,N,N,N
D36,07/07/2005,3173,0.0195,S48,01/08/2010,1322,0.0883,0.0731,9,Loc2,15/03/2014,2014,d,N,N,Y,N,N,N,N,N
D36,07/07/2005,3193,0.0195,S48,01/08/2010,1342,0.0883,0.0731,9,Loc2,04/04/2014,2014,d,N,N,Y,N,N,N,N,P
D36,07/07/2005,3195,0.0195,S48,01/08/2010,1344,0.0883,0.0731,9,Loc2,06/04/2014,2014,d,N,N,Y,N,N,N,N,N
D36,07/07/2005,3229,0.0195,S48,01/08/2010,1378,0.0883,0.0731,9,Loc2,10/05/2014,2014,d,N,N,NA,NA,NA,N,N,N
D36,07/07/2005,3231,0.0195,S48,01/08/2010,1380,0.0883,0.0731,9,Loc2,12/05/2014,2014,d,N,N,NA,NA,NA,N,N,N
D42,10/07/2007,2523,0.0195,S44,09/04/2010,1519,0.0718,0.0792,9,Loc2,06/06/2014,2014,d,Y,Y,U,NA,NA,N,N,NA
D42,10/07/2007,,0.0195,S44,09/04/2010,,0.0718,0.0792,9,Loc2,U,2014,d,Y,Y,U,NA,NA,N,N,NA
D36,07/07/2005,,0.0195,NA,NA,NA,NA,NA,NA,Loc2,U,2014,d,N,N,NA,NA,NA,NA,N,N
D36,07/07/2005,3271,0.0195,NA,NA,NA,NA,NA,NA,Loc2,21/06/2014,2014,d,Y,Y,NA,NA,NA,NA,N,N
D42,10/07/2007,2548,0.0195,S44,09/04/2010,1544,0.0718,0.0792,9,Loc2,01/07/2014,2014,d,Y,Y,U,NA,NA,N,N,NA
D36,07/07/2005,3283,0.0195,NA,NA,NA,NA,NA,NA,Loc2,03/07/2014,2014,d,N,N,NA,NA,NA,NA,N,N
D36,07/07/2005,3285,0.0195,NA,NA,NA,NA,NA,NA,Loc2,05/07/2014,2014,d,N,N,NA,NA,NA,NA,N,N
D36,07/07/2005,3311,0.0195,NA,NA,NA,NA,NA,NA,Loc2,31/07/2014,2014,d,N,N,NA,NA,NA,NA,N,N
D36,07/07/2005,3313,0.0195,NA,NA,NA,NA,NA,NA,Loc2,02/08/2014,2014,d,N,N,NA,NA,NA,NA,N,N
D36,07/07/2005,3619,0.0195,NA,NA,NA,NA,NA,NA,Loc2,04/06/2015,2015,d,U,U,NA,NA,NA,NA,N,N
D36,07/07/2005,3621,0.0195,NA,NA,NA,NA,NA,NA,Loc2,06/06/2015,2015,d,U,U,NA,NA,NA,NA,N,N
D45,08/08/2010,,0.0883,S54,01/05/2013,,0.0782,0.0960,9,Loc2,U,2015,d,Y,Y,U,NA,NA,N,N,NA
D36,07/07/2005,3638,0.0195,NA,NA,NA,NA,NA,NA,Loc2,23/06/2015,2015,d,N,Y,NA,NA,NA,NA,N,N
D36,07/07/2005,3655,0.0195,NA,NA,NA,NA,NA,NA,Loc2,10/07/2015,2015,d,Y,Y,NA,NA,NA,NA,N,N
D36,07/07/2005,3961,0.0195,NA,NA,NA,NA,NA,NA,Loc2,11/05/2016,2016,d,U,U,NA,NA,NA,NA,N,N
D61,18/04/2017,438,0.1039,S53,14/08/2012,2146,0.0688,0.1058,10,Loc2,30/06/2018,2018,d,N,N,Y,Y,Y,Y,Y,N
D61,18/04/2017,439,0.1039,S53,14/08/2012,2147,0.0688,0.1058,10,Loc2,01/07/2018,2018,d,U,U,U,N,N,N,N,N
D61,18/04/2017,701,0.1039,S53,14/08/2012,2409,0.0688,0.1058,10,Loc2,20/03/2019,2019,d,N,N,Y,Y,N,N,N,N
D61,18/04/2017,703,0.1039,S53,14/08/2012,2411,0.0688,0.1058,10,Loc2,22/03/2019,2019,d,N,N,Y,Y,Y,Y,Y,N
D61,18/04/2017,743,0.1039,S53,14/08/2012,2451,0.0688,0.1058,10,Loc2,01/05/2019,2019,d,N,N,Y,Y,Y,Y,Y,N
D61,18/04/2017,744,0.1039,S53,14/08/2012,2452,0.0688,0.1058,10,Loc2,02/05/2019,2019,d,N,N,Y,Y,Y,Y,Y,N
D63,26/07/2018,278,0.1058,NA,NA,NA,NA,NA,NA,Loc2,30/04/2019,2019,d,N,N,NA,NA,NA,NA,N,N
D63,26/07/2018,278,0.1058,NA,NA,NA,NA,NA,NA,Loc2,30/04/2019,2019,d,N,N,NA,NA,NA,NA,N,N
D61,18/04/2017,777,0.1039,S53,14/08/2012,2485,0.0688,0.1058,10,Loc2,04/06/2019,2019,d,N,N,Y,Y,Y,Y,Y,N
D61,18/04/2017,779,0.1039,S53,14/08/2012,2487,0.0688,0.1058,10,Loc2,06/06/2019,2019,d,N,N,Y,Y,Y,Y,Y,Y
D63,26/07/2018,310,0.1058,NA,NA,NA,NA,NA,NA,Loc2,01/06/2019,2019,d,N,N,NA,NA,NA,NA,N,N
D63,26/07/2018,312,0.1058,NA,NA,NA,NA,NA,NA,Loc2,03/06/2019,2019,d,N,N,NA,NA,NA,NA,N,N
D63,26/07/2018,313,0.1058,NA,NA,NA,NA,NA,NA,Loc2,04/06/2019,2019,d,N,N,NA,NA,NA,NA,N,N
D60,23/04/2016,1207,0.0998,NA,NA,NA,NA,NA,NA,Loc2,13/08/2019,2019,d,N,N,NA,NA,NA,NA,N,N
D60,23/04/2016,1209,0.0998,NA,NA,NA,NA,NA,NA,Loc2,15/08/2019,2019,d,N,N,NA,NA,NA,NA,N,N
D61,18/04/2017,850,0.1039,NA,NA,NA,NA,NA,NA,Loc2,16/08/2019,2019,d,N,N,NA,NA,NA,NA,N,N
D61,18/04/2017,850,0.1039,NA,NA,NA,NA,NA,NA,Loc2,16/08/2019,2019,d,N,N,NA,NA,NA,NA,N,N
D61,18/04/2017,783,0.1039,S53,14/08/2012,2491,0.0688,0.1058,10,Loc2,10/06/2019,2019,d,N,N,Y,Y,Y,Y,Y,N
D60,23/04/2016,,0.0998,NA,NA,NA,NA,NA,NA,Loc2,U,2020,d,Y,Y,NA,NA,NA,NA,N,N
D60,23/04/2016,,0.0998,NA,NA,NA,NA,NA,NA,Loc2,U,2020,d,N,N,NA,NA,NA,NA,N,N
D60,23/04/2016,,0.0998,NA,NA,NA,NA,NA,NA,Loc2,U,2020,d,N,N,NA,NA,NA,NA,N,N
D60,23/04/2016,,0.0998,NA,NA,NA,NA,NA,NA,Loc2,U,2020,d,N,N,NA,NA,NA,NA,N,N
D60,23/04/2016,,0.0998,NA,NA,NA,NA,NA,NA,Loc2,U,2020,d,N,N,NA,NA,NA,NA,N,N
D61,18/04/2017,1161,0.1039,S53,14/08/2012,2869,0.0688,0.1058,10,Loc2,22/06/2020,2020,d,N,N,Y,Y,Y,Y,Y,N
D61,18/04/2017,797,0.1039,S53,14/08/2012,2505,0.0688,0.1058,10,Loc2,24/06/2019,2020,d,N,N,Y,Y,Y,Y,Y,N
D3,U,U,0.0000,S2,U,U,0.0000,0.0000,1,Loc3,1985,1985,a,N,N,Y,Y,Y,Y,Y,U
D3,U,U,0.0000,S1,U,U,0.0000,0.0000,1,Loc3,1985,1985,a,N,N,Y,Y,Y,Y,Y,U
D3,U,U,0.0000,S2,U,U,0.0000,0.0000,1,Loc3,1985,1985,a,N,N,Y,Y,Y,Y,Y,U
D3,U,U,0.0000,S2,U,U,0.0000,0.0000,1,Loc3,1985,1985,a,N,N,Y,Y,Y,Y,Y,U
D3,U,U,0.0000,S2,U,U,0.0000,0.0000,1,Loc3,17/06/1986,1986,a,N,,N,NA,NA,N,N,N
D3,U,U,0.0000,S1,U,U,0.0000,0.0000,1,Loc3,17/06/1986,1986,a,N,,Y,N,N,N,N,N
D3,U,U,0.0000,S3,U,U,0.0000,0.0000,1,Loc3,01/07/1988,1988,a,N,N,Y,Y,Y,Y,Y,U
D3,U,U,0.0000,S3,U,U,0.0000,0.0000,1,Loc3,1988,1988,a,U,,U,NA,NA,N,N,U
D9,29/04/1988,618,0.0000,U,U,U,U,U,U,Loc3,07/01/1990,1990,a,N,Y,N,NA,NA,N,N,N
D9,29/04/1988,618,0.0000,U,U,U,U,U,U,Loc3,07/01/1990,1990,a,Y,Y,N,NA,NA,N,N,N
D9,29/04/1988,618,0.0000,U,U,U,U,U,U,Loc3,07/01/1990,1990,a,N,N,N,NA,NA,N,N,N
D11,06/08/1988,586,0.0000,U,U,U,U,U,U,Loc3,15/03/1990,1990,a,Y,Y,U,NA,NA,N,N,N
D11,06/08/1988,586,0.0000,U,U,U,U,U,U,Loc3,15/03/1990,1990,a,Y,Y,U,NA,NA,N,N,N
D11,06/08/1988,617,0.0000,U,U,U,U,U,U,Loc3,15/04/1990,1990,a,N,Y,U,NA,NA,N,N,N
D11,06/08/1988,632,0.0000,U,U,U,U,U,U,Loc3,30/04/1990,1990,a,Y,Y,U,NA,NA,N,N,N
D11,06/08/1988,914,0.0000,U,U,U,U,U,U,Loc3,06/02/1991,1991,a,Y,Y,U,NA,NA,N,N,N
D11,06/08/1988,914,0.0000,U,U,U,U,U,U,Loc3,06/02/1991,1991,a,Y,Y,U,NA,NA,N,N,N
D11,06/08/1988,943,0.0000,U,U,U,U,U,U,Loc3,07/03/1991,1991,a,Y,Y,U,NA,NA,N,N,N
D11,06/08/1988,1336,0.0000,U,U,U,U,U,U,Loc3,03/04/1992,1992,a,Y,Y,U,NA,NA,N,N,N
D15,03/05/1991,1974,0.0000,S11,16/07/1990,2265,0.1250,0.0000,3,Loc3,27/09/1996,1996,b,N,Y,U,NA,NA,N,N,N
D15,03/05/1991,1995,0.0000,S11,16/07/1990,2286,0.1250,0.0000,3,Loc3,18/10/1996,1996,b,N,Y,U,NA,NA,N,N,N
D15,03/05/1991,2086,0.0000,S11,16/07/1990,2377,0.1250,0.0000,3,Loc3,17/01/1997,1997,b,Y,Y,U,NA,NA,N,N,N
D15,03/05/1991,2127,0.0000,S14,30/06/1991,2069,0.0625,0.0000,3,Loc3,27/02/1997,1997,b,N,N,N,NA,NA,N,N,N
D15,03/05/1991,2145,0.0000,S14,30/06/1991,2087,0.0625,0.0000,3,Loc3,17/03/1997,1997,b,N,Y,N,NA,NA,N,N,N
D15,03/05/1991,2170,0.0000,S14,30/06/1991,2112,0.0625,0.0000,3,Loc3,11/04/1997,1997,b,N,N,N,NA,NA,N,N,N
D15,03/05/1991,2196,0.0000,S14,30/06/1991,2138,0.0625,0.0000,3,Loc3,07/05/1997,1997,b,N,N,N,NA,NA,N,N,N
D15,03/05/1991,2202,0.0000,S14,30/06/1991,2144,0.0625,0.0000,3,Loc3,13/05/1997,1997,b,N,N,N,NA,NA,N,N,N
D17,31/07/1993,1386,0.0625,S11,16/07/1990,2497,0.1250,0.0000,3,Loc3,17/05/1997,1997,b,Y,Y,U,NA,NA,N,N,N
D15,03/05/1991,2229,0.0000,S14,30/06/1991,2171,0.0625,0.0000,3,Loc3,09/06/1997,1997,b,N,N,N,NA,NA,N,N,N
D17,31/07/1993,1428,0.0625,NA,NA,NA,NA,NA,NA,Loc3,28/06/1997,1997,b,N,NA,NA,NA,NA,NA,N,N
D15,03/05/1991,2307,0.0000,S14,30/06/1991,2249,0.0625,0.0000,3,Loc3,26/08/1997,1997,b,N,N,U,U,U,U,U,U
D17,31/07/1993,1560,0.0625,NA,NA,NA,NA,NA,NA,Loc3,07/11/1997,1997,b,Y,NA,NA,NA,NA,NA,N,N
D15,03/05/1991,2409,0.0000,S14,30/06/1991,2351,0.0625,0.0000,3,Loc3,06/12/1997,1997,b,N,N,N,NA,NA,N,N,N
D15,03/05/1991,,0.0000,S14,30/06/1991,,0.0625,0.0000,3,Loc3,U,1997,b,N,N,N,NA,NA,N,N,U
D17,31/07/1993,1670,0.0625,NA,NA,NA,NA,NA,NA,Loc3,25/02/1998,1998,b,Y,NA,NA,NA,NA,NA,N,N
D15,03/05/1991,2508,0.0000,S14,30/06/1991,2450,0.0625,0.0000,3,Loc3,15/03/1998,1998,b,N,N,N,NA,NA,N,N,N
D15,03/05/1991,2552,0.0000,S14,30/06/1991,2494,0.0625,0.0000,3,Loc3,28/04/1998,1998,b,N,N,N,NA,NA,N,N,N
D15,03/05/1991,2729,0.0000,U,U,,U,U,U,Loc3,22/10/1998,1998,b,Y,Y,U,NA,NA,N,N,N
D15,03/05/1991,3126,0.0000,S18,02/07/1995,1605,0.0000,0.0625,3,Loc3,23/11/1999,1999,b,N,N,U,N,N,N,N,N
D15,03/05/1991,3160,0.0000,S18,02/07/1995,1639,0.0000,0.0625,3,Loc3,27/12/1999,1999,b,N,Y,U,NA,NA,N,N,N
D15,03/05/1991,3171,0.0000,S18,02/07/1995,1650,0.0000,0.0625,3,Loc3,07/01/2000,2000,b,Y,Y,U,NA,NA,N,N,N
D15,03/05/1991,3186,0.0000,S18,02/07/1995,1665,0.0000,0.0625,3,Loc3,22/01/2000,2000,b,Y,Y,U,NA,NA,N,N,N
D15,03/05/1991,3220,0.0000,S18,02/07/1995,1699,0.0000,0.0625,3,Loc3,25/02/2000,2000,b,Y,Y,U,NA,NA,N,N,N
D20,02/08/1995,1687,0.0156,S16,18/08/1991,3132,0.0625,0.0781,4,Loc3,15/03/2000,2000,b,Y,Y,N,NA,NA,N,N,N
D15,03/05/1991,3256,0.0000,S18,02/07/1995,1735,0.0000,0.0625,3,Loc3,01/04/2000,2000,b,Y,Y,U,NA,NA,N,N,N
D20,02/08/1995,1707,0.0156,S16,18/08/1991,3152,0.0625,0.0781,4,Loc3,04/04/2000,2000,b,Y,Y,U,NA,NA,N,N,N
D20,02/08/1995,1742,0.0156,S16,18/08/1991,3187,0.0625,0.0781,4,Loc3,09/05/2000,2000,b,Y,Y,U,NA,NA,N,N,Y
D20,02/08/1995,1744,0.0156,S16,18/08/1991,3189,0.0625,0.0781,4,Loc3,11/05/2000,2000,b,N,N,Y,N,N,N,N,Y
D20,02/08/1995,1809,0.0156,S16,18/08/1991,3254,0.0625,0.0781,4,Loc3,15/07/2000,2000,b,N,N,Y,Y,Y,Y,Y,N
D20,02/08/1995,1809,0.0156,S16,18/08/1991,3254,0.0625,0.0781,4,Loc3,15/07/2000,2000,b,N,N,Y,Y,Y,Y,Y,Y
D25,31/01/1999,1572,0.0781,S26,11/08/1999,1380,0.0000,0.0352,4,Loc3,22/05/2003,2003,b,Y,Y,U,NA,NA,N,N,N
D25,31/01/1999,1855,0.0781,S26,11/08/1999,1663,0.0000,0.0352,4,Loc3,29/02/2004,2004,c,N,N,N,NA,NA,N,N,N
D25,31/01/1999,1886,0.0781,S26,11/08/1999,1694,0.0000,0.0352,4,Loc3,31/03/2004,2004,c,Y,Y,Y,NA,NA,N,N,N
D25,31/01/1999,1915,0.0781,S26,11/08/1999,1723,0.0000,0.0352,4,Loc3,29/04/2004,2004,c,N,N,N,NA,NA,N,N,N
D25,31/01/1999,1932,0.0781,S26,11/08/1999,1740,0.0000,0.0352,4,Loc3,16/05/2004,2004,c,N,N,N,NA,NA,N,N,N
D25,31/01/1999,1931,0.0781,S26,11/08/1999,1739,0.0000,0.0352,4,Loc3,15/05/2004,2004,c,N,N,Y,Y,Y,Y,Y,Y
D25,31/01/1999,2340,0.0781,NA,NA,NA,NA,NA,NA,Loc3,28/06/2005,2005,c,N,N,NA,NA,NA,NA,N,N
D25,31/01/1999,2552,0.0781,S26,11/08/1999,2360,0.0000,0.0352,4,Loc3,26/01/2006,2006,c,Y,Y,U,NA,NA,N,N,N
D32,07/08/2003,970,0.0391,NA,NA,NA,NA,NA,NA,Loc3,03/04/2006,2006,c,N,N,NA,NA,NA,NA,N,U
D32,07/08/2003,1000,0.0391,NA,NA,NA,NA,NA,NA,Loc3,03/05/2006,2006,c,N,N,NA,NA,NA,NA,N,U
D32,07/08/2003,1005,0.0391,NA,NA,NA,NA,NA,NA,Loc3,08/05/2006,2006,c,N,N,NA,NA,NA,NA,N,U
D32,07/08/2003,1023,0.0391,NA,NA,NA,NA,NA,NA,Loc3,26/05/2006,2006,c,N,N,NA,NA,NA,NA,N,U
D32,07/08/2003,1025,0.0391,NA,NA,NA,NA,NA,NA,Loc3,28/05/2006,2006,c,N,N,NA,NA,NA,NA,N,U
D29,28/07/2001,2102,0.0625,NA,NA,NA,NA,NA,NA,Loc3,30/04/2007,2007,c,N,N,NA,NA,NA,NA,N,U
D32,07/08/2003,1362,0.0391,NA,NA,NA,NA,NA,NA,Loc3,30/04/2007,2007,c,N,N,NA,NA,NA,NA,N,U
D29,28/07/2001,2135,0.0625,S26,11/08/1999,2852,0.0000,0.0781,6,Loc3,02/06/2007,2007,c,Y,Y,U,NA,NA,N,N,N
D29,28/07/2001,2136,0.0625,S26,11/08/1999,2853,0.0000,0.0781,6,Loc3,03/06/2007,2007,c,Y,Y,U,NA,NA,N,N,N
D34,25/04/2004,1150,0.0391,S32,03/08/2004,1050,0.0684,0.0674,7,Loc3,19/06/2007,2007,c,Y,Y,U,NA,NA,N,N,N
D34,25/04/2004,1157,0.0391,S32,03/08/2004,1057,0.0684,0.0674,7,Loc3,26/06/2007,2007,c,Y,Y,U,NA,NA,N,N,U
D29,28/07/2001,2158,0.0625,NA,NA,NA,NA,NA,NA,Loc3,25/06/2007,2007,c,N,N,NA,NA,NA,NA,N,N
D29,28/07/2001,2159,0.0625,NA,NA,NA,NA,NA,NA,Loc3,26/06/2007,2007,c,N,N,NA,NA,NA,NA,N,U
D34,25/04/2004,1166,0.0391,S32,03/08/2004,1066,0.0684,0.0674,7,Loc3,05/07/2007,2007,c,Y,Y,U,NA,NA,N,N,N
D29,28/07/2001,2179,0.0625,S26,11/08/1999,2896,0.0000,0.0781,6,Loc3,16/07/2007,2007,c,Y,Y,U,NA,NA,N,N,N
D34,25/04/2004,1186,0.0391,S32,03/08/2004,1086,0.0684,0.0674,7,Loc3,25/07/2007,2007,c,Y,Y,U,NA,NA,N,N,N
D34,25/04/2004,1194,0.0391,S32,03/08/2004,1094,0.0684,0.0674,7,Loc3,02/08/2007,2007,c,Y,Y,U,NA,NA,N,N,N
D29,28/07/2001,2197,0.0625,NA,NA,NA,NA,NA,NA,Loc3,03/08/2007,2007,c,N,N,NA,NA,NA,NA,N,U
D34,25/04/2004,1196,0.0391,S32,03/08/2004,1096,0.0684,0.0674,7,Loc3,04/08/2007,2007,c,Y,Y,U,NA,NA,N,N,N
D29,28/07/2001,2201,0.0625,NA,NA,NA,NA,NA,NA,Loc3,07/08/2007,2007,c,N,N,NA,NA,NA,NA,N,U
D34,25/04/2004,1205,0.0391,S32,03/08/2004,1105,0.0684,0.0674,7,Loc3,13/08/2007,2007,c,Y,Y,U,NA,NA,N,N,N
D34,25/04/2004,1206,0.0391,S32,03/08/2004,1106,0.0684,0.0674,7,Loc3,14/08/2007,2007,c,Y,Y,U,NA,NA,N,N,N
D29,28/07/2001,2459,0.0625,NA,NA,NA,NA,NA,NA,Loc3,21/04/2008,2008,c,N,N,NA,NA,NA,NA,N,U
D29,28/07/2001,2460,0.0625,NA,NA,NA,NA,NA,NA,Loc3,22/04/2008,2008,c,N,N,NA,NA,NA,NA,N,U
D34,25/04/2004,1464,0.0391,NA,NA,NA,NA,NA,NA,Loc3,28/04/2008,2008,c,N,N,NA,NA,NA,NA,N,U
D34,25/04/2004,1465,0.0391,NA,NA,NA,NA,NA,NA,Loc3,29/04/2008,2008,c,N,N,NA,NA,NA,NA,N,U
D29,28/07/2001,2499,0.0625,NA,NA,NA,NA,NA,NA,Loc3,31/05/2008,2008,c,N,N,NA,NA,NA,NA,N,U
D29,28/07/2001,2501,0.0625,NA,NA,NA,NA,NA,NA,Loc3,02/06/2008,2008,c,N,N,NA,NA,NA,NA,N,U
D29,28/07/2001,2536,0.0625,NA,NA,NA,NA,NA,NA,Loc3,07/07/2008,2008,c,N,N,NA,NA,NA,NA,N,U
D29,28/07/2001,2537,0.0625,NA,NA,NA,NA,NA,NA,Loc3,08/07/2008,2008,c,N,N,NA,NA,NA,NA,N,U
D29,28/07/2001,2726,0.0625,S30,15/07/2004,1643,0.0352,0.0830,6,Loc3,13/01/2009,2009,c,Y,Y,U,NA,NA,N,N,N
D29,28/07/2001,2765,0.0625,S30,15/07/2004,1682,0.0352,0.0830,6,Loc3,21/02/2009,2009,c,Y,Y,U,NA,NA,N,N,N
D29,28/07/2001,2767,0.0625,S30,15/07/2004,1684,0.0352,0.0830,6,Loc3,23/02/2009,2009,c,Y,Y,U,NA,NA,N,N,N
D29,28/07/2001,2785,0.0625,S30,15/07/2004,1702,0.0352,0.0830,6,Loc3,13/03/2009,2009,c,N,N,N,NA,NA,N,N,Y
D29,28/07/2001,2786,0.0625,S30,15/07/2004,1703,0.0352,0.0830,6,Loc3,14/03/2009,2009,c,Y,Y,U,NA,NA,N,N,N
D32,07/08/2003,2100,0.0391,NA,NA,NA,NA,NA,NA,Loc3,07/05/2009,2009,c,N,N,NA,NA,NA,NA,N,U
D29,28/07/2001,2855,0.0625,NA,NA,NA,NA,NA,NA,Loc3,22/05/2009,2009,c,N,N,NA,NA,NA,NA,N,U
D29,28/07/2001,2857,0.0625,NA,NA,NA,NA,NA,NA,Loc3,24/05/2009,2009,c,N,N,NA,NA,NA,NA,N,U
D32,07/08/2003,2135,0.0391,NA,NA,NA,NA,NA,NA,Loc3,11/06/2009,2009,c,N,N,NA,NA,NA,NA,N,U
D29,28/07/2001,2890,0.0625,NA,NA,NA,NA,NA,NA,Loc3,26/06/2009,2009,c,N,N,NA,NA,NA,NA,N,U
D32,07/08/2003,2181,0.0391,NA,NA,NA,NA,NA,NA,Loc3,27/07/2009,2009,c,N,N,NA,NA,NA,NA,N,U
D32,07/08/2003,2183,0.0391,NA,NA,NA,NA,NA,NA,Loc3,29/07/2009,2009,c,N,N,NA,NA,NA,NA,N,U
D32,07/08/2003,2216,0.0391,NA,NA,NA,NA,NA,NA,Loc3,31/08/2009,2009,c,N,N,NA,NA,NA,NA,N,U
D32,07/08/2003,2217,0.0391,NA,NA,NA,NA,NA,NA,Loc3,01/09/2009,2009,c,N,N,NA,NA,NA,NA,N,U
D32,07/08/2003,2473,0.0391,S35,01/08/2005,1748,0.0854,0.0801,7,Loc3,15/05/2010,2010,c,Y,Y,N,NA,NA,N,N,NA
D34,25/04/2004,2217,0.0391,S32,03/08/2004,2117,0.0684,0.0674,7,Loc3,21/05/2010,2010,c,Y,Y,U,NA,NA,N,N,N
D34,25/04/2004,2222,0.0391,S32,03/08/2004,2122,0.0684,0.0674,7,Loc3,26/05/2010,2010,c,Y,Y,U,NA,NA,N,N,N
D34,25/04/2004,2237,0.0391,NA,NA,NA,NA,NA,NA,Loc3,10/06/2010,2010,c,Y,Y,NA,NA,NA,NA,N,N
D32,07/08/2003,2502,0.0391,S35,01/08/2005,1777,0.0854,0.0801,7,Loc3,13/06/2010,2010,c,N,N,N,NA,NA,N,N,Y
D34,25/04/2004,2255,0.0391,S32,03/08/2004,2155,0.0684,0.0674,7,Loc3,28/06/2010,2010,c,Y,Y,U,NA,NA,N,N,N
D32,07/08/2003,2524,0.0391,S35,01/08/2005,1799,0.0854,0.0801,7,Loc3,05/07/2010,2010,c,N,N,N,NA,NA,N,N,Y
D34,25/04/2004,2270,0.0391,S32,03/08/2004,2170,0.0684,0.0674,7,Loc3,13/07/2010,2010,c,Y,Y,U,NA,NA,N,N,N
D32,07/08/2003,2536,0.0391,S35,01/08/2005,1811,0.0854,0.0801,7,Loc3,17/07/2010,2010,c,N,N,N,NA,NA,N,N,Y
D34,25/04/2004,2280,0.0391,S32,03/08/2004,2180,0.0684,0.0674,7,Loc3,23/07/2010,2010,c,Y,Y,U,NA,NA,N,N,N
D32,07/08/2003,2549,0.0391,S35,01/08/2005,1824,0.0854,0.0801,7,Loc3,30/07/2010,2010,c,N,N,N,NA,NA,N,N,Y
D34,25/04/2004,2293,0.0391,S32,03/08/2004,2193,0.0684,0.0674,7,Loc3,05/08/2010,2010,c,N,N,N,NA,NA,N,N,U
D34,25/04/2004,2295,0.0391,S32,03/08/2004,2195,0.0684,0.0674,7,Loc3,07/08/2010,2010,c,Y,Y,U,NA,NA,N,N,N
D34,25/04/2004,2306,0.0391,S32,03/08/2004,2206,0.0684,0.0674,7,Loc3,18/08/2010,2010,c,Y,Y,U,NA,NA,N,N,N
D34,25/04/2004,2308,0.0391,S32,03/08/2004,2208,0.0684,0.0674,7,Loc3,20/08/2010,2010,c,Y,Y,U,NA,NA,N,N,N
D34,25/04/2004,2324,0.0391,S32,03/08/2004,2224,0.0684,0.0674,7,Loc3,05/09/2010,2010,c,Y,Y,U,NA,NA,N,N,N
D34,25/04/2004,2347,0.0391,S32,03/08/2004,2247,0.0684,0.0674,7,Loc3,28/09/2010,2010,c,Y,Y,U,NA,NA,N,N,N
D34,25/04/2004,2364,0.0391,S32,03/08/2004,2264,0.0684,0.0674,7,Loc3,15/10/2010,2010,c,Y,Y,U,NA,NA,N,N,N
D34,25/04/2004,2367,0.0391,S32,03/08/2004,2267,0.0684,0.0674,7,Loc3,18/10/2010,2010,c,Y,Y,U,NA,NA,N,N,N
D34,25/04/2004,2368,0.0391,S32,03/08/2004,2268,0.0684,0.0674,7,Loc3,19/10/2010,2010,c,N,N,N,NA,NA,N,N,Y
D29,28/07/2001,3542,0.0625,S25,26/04/1999,4366,0.0781,0.1038,6,Loc3,09/04/2011,2011,c,Y,Y,U,NA,NA,N,N,N
D34,25/04/2004,2541,0.0391,NA,NA,NA,NA,NA,NA,Loc3,10/04/2011,2011,c,Y,Y,NA,NA,NA,NA,N,N
D29,28/07/2001,3560,0.0625,S25,26/04/1999,4384,0.0781,0.1038,6,Loc3,27/04/2011,2011,c,Y,Y,U,NA,NA,N,N,N
D29,28/07/2001,3566,0.0625,S25,26/04/1999,4390,0.0781,0.1038,6,Loc3,03/05/2011,2011,c,Y,Y,U,NA,NA,N,N,N
D29,28/07/2001,3584,0.0625,S25,26/04/1999,4408,0.0781,0.1038,6,Loc3,21/05/2011,2011,c,Y,Y,U,NA,NA,N,N,N
D29,28/07/2001,3597,0.0625,S25,26/04/1999,4421,0.0781,0.1038,6,Loc3,03/06/2011,2011,c,Y,Y,U,NA,NA,N,N,N
D32,07/08/2003,2888,0.0391,S45,13/06/2009,751,0.0718,0.0708,8,Loc3,04/07/2011,2011,c,N,N,Y,Y,Y,Y,Y,Y
D34,25/04/2004,2629,0.0391,NA,NA,NA,NA,NA,NA,Loc3,07/07/2011,2011,c,N,N,NA,NA,NA,NA,N,U
D34,25/04/2004,2649,0.0391,NA,NA,NA,NA,NA,NA,Loc3,27/07/2011,2011,c,N,N,NA,NA,NA,NA,N,U
D32,07/08/2003,2913,0.0391,S45,13/06/2009,776,0.0718,0.0708,8,Loc3,29/07/2011,2011,c,N,N,Y,Y,Y,Y,Y,Y
D29,28/07/2001,3665,0.0625,NA,NA,NA,NA,NA,NA,Loc3,10/08/2011,2011,c,N,N,NA,NA,NA,NA,N,U
D29,28/07/2001,3672,0.0625,NA,NA,NA,NA,NA,NA,Loc3,17/08/2011,2011,c,N,N,NA,NA,NA,NA,N,U
D29,28/07/2001,3673,0.0625,NA,NA,NA,NA,NA,NA,Loc3,18/08/2011,2011,c,N,N,NA,NA,NA,NA,N,U
D32,07/08/2003,2955,0.0391,S45,13/06/2009,818,0.0718,0.0708,8,Loc3,09/09/2011,2011,c,N,N,N,NA,NA,N,N,Y
D34,25/04/2004,2887,0.0391,S35,01/08/2005,2424,0.0854,0.0801,7,Loc3,21/03/2012,2012,c,Y,Y,U,NA,NA,N,N,N
D34,25/04/2004,2900,0.0391,S35,01/08/2005,2437,0.0854,0.0801,7,Loc3,03/04/2012,2012,c,Y,Y,U,NA,NA,N,N,N
D34,25/04/2004,2935,0.0391,S35,01/08/2005,2472,0.0854,0.0801,7,Loc3,08/05/2012,2012,c,N,N,N,NA,NA,N,N,Y
D34,25/04/2004,2966,0.0391,S35,01/08/2005,2503,0.0854,0.0801,7,Loc3,08/06/2012,2012,c,Y,Y,U,NA,NA,N,N,N
D34,25/04/2004,2970,0.0391,S35,01/08/2005,2507,0.0854,0.0801,7,Loc3,12/06/2012,2012,c,Y,Y,U,NA,NA,N,N,N
D48,25/07/2011,570,0.0708,NA,NA,NA,NA,NA,NA,Loc3,14/02/2013,2013,c,N,N,NA,NA,NA,NA,N,N
D48,25/07/2011,624,0.0708,NA,NA,NA,NA,NA,NA,Loc3,09/04/2013,2013,c,N,N,NA,NA,NA,NA,N,N
D48,25/07/2011,625,0.0708,NA,NA,NA,NA,NA,NA,Loc3,10/04/2013,2013,c,N,N,NA,NA,NA,NA,N,N
D1,21/09/2006,2397,0.0697,NA,NA,NA,NA,NA,NA,Loc3,14/04/2013,2013,c,N,N,NA,NA,NA,NA,N,N
D1,21/09/2006,2425,0.0697,NA,NA,NA,NA,NA,NA,Loc3,12/05/2013,2013,c,N,N,NA,NA,NA,NA,N,N
D1,21/09/2006,2426,0.0697,NA,NA,NA,NA,NA,NA,Loc3,13/05/2013,2013,c,N,N,NA,NA,NA,NA,N,N
D48,25/07/2011,673,0.0708,NA,NA,NA,NA,NA,NA,Loc3,28/05/2013,2013,c,N,N,NA,NA,NA,NA,N,N
D48,25/07/2011,674,0.0708,NA,NA,NA,NA,NA,NA,Loc3,29/05/2013,2013,c,N,N,NA,NA,NA,NA,N,N
D48,25/07/2011,693,0.0708,S35,01/08/2005,2877,0.0854,0.0779,9,Loc3,17/06/2013,2013,c,N,N,N,NA,NA,N,N,Y
D48,25/07/2011,697,0.0708,S35,01/08/2005,2881,0.0854,0.0779,9,Loc3,21/06/2013,2013,c,Y,Y,U,NA,NA,N,N,N
D48,25/07/2011,715,0.0708,NA,NA,NA,NA,NA,NA,Loc3,09/07/2013,2013,c,Y,Y,NA,NA,NA,NA,N,N
D48,25/07/2011,866,0.0708,S35,01/08/2005,3050,0.0854,0.0779,9,Loc3,07/12/2013,2013,c,N,N,Y,Y,Y,Y,Y,Y
D48,25/07/2011,880,0.0708,S35,01/08/2005,3064,0.0854,0.0779,9,Loc3,21/12/2013,2013,c,Y,Y,U,NA,NA,N,N,N
D48,25/07/2011,973,0.0708,S35,01/08/2005,3157,0.0854,0.0779,9,Loc3,24/03/2014,2014,d,Y,Y,U,NA,NA,N,N,N
D52,28/05/2012,1390,0.0688,S49,29/04/2011,1785,0.0883,0.0846,9,Loc3,18/03/2016,2016,d,N,N,N,NA,NA,N,N,N
D52,28/05/2012,1392,0.0688,S49,29/04/2011,1787,0.0883,0.0846,9,Loc3,20/03/2016,2016,d,N,N,N,NA,NA,N,N,N
D52,28/05/2012,1413,0.0688,NA,NA,NA,NA,NA,NA,Loc3,10/04/2016,2016,d,N,N,NA,NA,NA,NA,N,Y
D52,28/05/2012,1415,0.0688,NA,NA,NA,NA,NA,NA,Loc3,12/04/2016,2016,d,N,N,NA,NA,NA,NA,N,Y
D52,28/05/2012,1458,0.0688,S49,29/04/2011,1853,0.0883,0.0846,9,Loc3,25/05/2016,2016,d,N,N,N,NA,NA,N,N,Y
D52,28/05/2012,1460,0.0688,S49,29/04/2011,1855,0.0883,0.0846,9,Loc3,27/05/2016,2016,d,N,N,N,NA,NA,N,N,Y
D51,21/05/2012,1782,0.0732,S54,01/05/2013,1437,0.0782,0.0987,9,Loc3,07/04/2017,2017,d,N,N,N,NA,NA,N,N,Y
D51,21/05/2012,1784,0.0732,S54,01/05/2013,1439,0.0782,0.0987,9,Loc3,09/04/2017,2017,d,N,N,N,NA,NA,N,N,Y
D53,28/05/2012,1806,0.0688,NA,NA,NA,NA,NA,NA,Loc3,08/05/2017,2017,d,N,N,NA,NA,NA,NA,N,N
D51,21/05/2012,1862,0.0732,NA,NA,NA,NA,NA,NA,Loc3,26/06/2017,2017,d,N,N,NA,NA,NA,NA,N,Y
D51,21/05/2012,1865,0.0732,NA,NA,NA,NA,NA,NA,Loc3,29/06/2017,2017,d,N,N,NA,NA,NA,NA,N,N
D51,21/05/2012,1894,0.0732,NA,NA,NA,NA,NA,NA,Loc3,28/07/2017,2017,d,N,N,NA,NA,NA,NA,N,N
D51,21/05/2012,1896,0.0732,NA,NA,NA,NA,NA,NA,Loc3,30/07/2017,2017,d,N,N,NA,NA,NA,NA,N,N
D53,28/05/2012,1895,0.0688,S49,29/04/2011,2290,0.0883,0.0846,9,Loc3,05/08/2017,2017,d,Y,Y,U,NA,NA,N,N,N
D53,28/05/2012,1897,0.0688,S49,29/04/2011,2292,0.0883,0.0846,9,Loc3,07/08/2017,2017,d,N,N,N,NA,NA,N,N,Y
D53,28/05/2012,2156,0.0688,S49,29/04/2011,2551,0.0883,0.0846,9,Loc3,23/04/2018,2018,d,Y,Y,U,NA,NA,N,N,N
D53,28/05/2012,2158,0.0688,S49,29/04/2011,2553,0.0883,0.0846,9,Loc3,25/04/2018,2018,d,N,N,Y,Y,Y,Y,Y,Y
D51,21/05/2012,2175,0.0732,S54,01/05/2013,1830,0.0782,0.0987,9,Loc3,05/05/2018,2018,d,N,N,N,NA,NA,N,N,Y
D53,28/05/2012,2181,0.0688,S49,29/04/2011,2576,0.0883,0.0846,9,Loc3,18/05/2018,2018,d,N,N,N,NA,NA,N,N,Y
D53,28/05/2012,2183,0.0688,S49,29/04/2011,2578,0.0883,0.0846,9,Loc3,20/05/2018,2018,d,N,N,N,NA,NA,N,N,Y
D51,21/05/2012,2202,0.0732,S54,01/05/2013,1857,0.0782,0.0987,9,Loc3,01/06/2018,2018,d,Y,Y,N,NA,NA,N,N,Y
D53,28/05/2012,2203,0.0688,S49,29/04/2011,2598,0.0883,0.0846,9,Loc3,09/06/2018,2018,d,N,N,N,NA,NA,N,N,Y
D51,21/05/2012,2227,0.0732,S54,01/05/2013,1882,0.0782,0.0987,9,Loc3,26/06/2018,2018,d,N,N,N,NA,NA,N,N,Y
D53,28/05/2012,2239,0.0688,NA,NA,NA,NA,NA,NA,Loc3,15/07/2018,2018,d,N,N,NA,NA,NA,NA,N,Y
D53,28/05/2012,2240,0.0688,S49,29/04/2011,2635,0.0883,0.0846,9,Loc3,16/07/2018,2018,d,Y,Y,U,NA,NA,N,N,Y
D51,21/05/2012,2247,0.0732,NA,NA,NA,NA,NA,NA,Loc3,16/07/2018,2018,d,N,N,NA,NA,NA,NA,N,N
D51,21/05/2012,2248,0.0732,NA,NA,NA,NA,NA,NA,Loc3,17/07/2018,2018,d,Y,Y,NA,NA,NA,NA,N,N
D53,28/05/2012,2274,0.0688,NA,NA,NA,NA,NA,NA,Loc3,19/08/2018,2018,d,N,N,NA,NA,NA,NA,N,Y
D53,28/05/2012,2275,0.0688,S49,29/04/2011,2670,0.0883,0.0846,9,Loc3,20/08/2018,2018,d,N,N,N,NA,NA,N,N,Y
D53,28/05/2012,2499,0.0688,S49,29/04/2011,2894,0.0883,0.0846,9,Loc3,01/04/2019,2019,d,N,N,Y,Y,Y,Y,Y,Y
D53,28/05/2012,2500,0.0688,S49,29/04/2011,2895,0.0883,0.0846,9,Loc3,02/04/2019,2019,d,Y,Y,U,NA,NA,N,N,N
D53,28/05/2012,2518,0.0688,S49,29/04/2011,2913,0.0883,0.0846,9,Loc3,20/04/2019,2019,d,N,N,Y,N,N,N,N,Y
D53,28/05/2012,2566,0.0688,S49,29/04/2011,2961,0.0883,0.0846,9,Loc3,07/06/2019,2019,d,Y,Y,U,NA,NA,N,N,N
D53,28/05/2012,2588,0.0688,S49,29/04/2011,2983,0.0883,0.0846,9,Loc3,29/06/2019,2019,d,N,N,N,NA,NA,N,N,Y
D53,28/05/2012,2590,0.0688,S49,29/04/2011,2985,0.0883,0.0846,9,Loc3,01/07/2019,2019,d,N,N,N,NA,NA,N,N,Y
D53,28/05/2012,2604,0.0688,S49,29/04/2011,2999,0.0883,0.0846,9,Loc3,15/07/2019,2019,d,N,N,Y,N,N,N,N,Y
D53,28/05/2012,2606,0.0688,S49,29/04/2011,3001,0.0883,0.0846,9,Loc3,17/07/2019,2019,d,N,N,N,NA,NA,N,N,Y
D65,30/05/2018,635,0.0927,S60,22/04/2019,308,0.0846,0.1286,10,Loc3,24/02/2020,2020,d,N,N,N,NA,NA,N,N,N
D65,30/05/2018,637,0.0927,S60,22/04/2019,310,0.0846,0.1286,10,Loc3,26/02/2020,2020,d,N,N,N,NA,NA,N,N,N
D65,30/05/2018,670,0.0927,S60,22/04/2019,343,0.0846,0.1286,10,Loc3,30/03/2020,2020,d,N,N,Y,Y,Y,Y,Y,N
D65,30/05/2018,672,0.0927,S60,22/04/2019,345,0.0846,0.1286,10,Loc3,01/04/2020,2020,d,N,N,Y,Y,Y,Y,Y,N
D51,21/05/2012,2914,0.0732,S59,31/08/2017,986,0.0801,0.0787,9,Loc3,13/05/2020,2020,d,Y,Y,U,NA,NA,N,N,N
D65,30/05/2018,717,0.0927,S60,22/04/2019,390,0.0846,0.1286,10,Loc3,16/05/2020,2020,d,N,N,Y,Y,Y,Y,Y,N
D65,30/05/2018,719,0.0927,S60,22/04/2019,392,0.0846,0.1286,10,Loc3,18/05/2020,2020,d,N,N,Y,Y,Y,Y,Y,N
D51,21/05/2012,2928,0.0732,S59,31/08/2017,1000,0.0801,0.0787,9,Loc3,27/05/2020,2020,d,N,N,N,NA,NA,N,N,Y
D51,21/05/2012,2931,0.0732,S59,31/08/2017,1003,0.0801,0.0787,9,Loc3,30/05/2020,2020,d,N,N,N,NA,NA,N,N,Y
D65,30/05/2018,769,0.0927,S60,22/04/2019,442,0.0846,0.1286,10,Loc3,07/07/2020,2020,d,N,N,Y,N,N,N,N,Y
D51,21/05/2012,2970,0.0732,S59,31/08/2017,1042,0.0801,0.0787,9,Loc3,08/07/2020,2020,d,N,N,N,NA,NA,N,N,Y
D65,30/05/2018,772,0.0927,S60,22/04/2019,445,0.0846,0.1286,10,Loc3,10/07/2020,2020,d,N,N,Y,N,N,N,N,Y
D51,21/05/2012,2973,0.0732,S59,31/08/2017,1045,0.0801,0.0787,9,Loc3,11/07/2020,2020,d,N,N,N,NA,NA,N,N,Y
D65,30/05/2018,783,0.0927,S60,22/04/2019,456,0.0846,0.1286,10,Loc3,21/07/2020,2020,d,N,N,N,NA,NA,N,N,Y
D65,30/05/2018,785,0.0927,S60,22/04/2019,458,0.0846,0.1286,10,Loc3,23/07/2020,2020,d,N,N,N,NA,NA,N,N,Y
D65,30/05/2018,947,0.0927,S60,22/04/2019,620,0.0846,0.1286,10,Loc3,01/01/2021,2021,d,N,N,Y,N,N,N,N,Y
D65,30/05/2018,949,0.0927,S60,22/04/2019,622,0.0846,0.1286,10,Loc3,03/01/2021,2021,d,N,N,N,NA,NA,N,N,Y
D65,30/05/2018,988,0.0927,S60,22/04/2019,661,0.0846,0.1286,10,Loc3,11/02/2021,2021,d,N,N,Y,N,N,N,N,Y
D65,30/05/2018,990,0.0927,S60,22/04/2019,663,0.0846,0.1286,10,Loc3,13/02/2021,2021,d,N,N,Y,N,N,N,N,Y
D51,21/05/2012,3216,0.0732,S59,31/08/2017,1288,0.0801,0.0787,9,Loc3,11/03/2021,2021,d,N,N,N,NA,NA,N,N,Y
D65,30/05/2018,1017,0.0927,S60,22/04/2019,690,0.0846,0.1286,10,Loc3,12/03/2021,2021,d,N,N,Y,N,N,N,N,Y
D65,30/05/2018,1020,0.0927,S60,22/04/2019,693,0.0846,0.1286,10,Loc3,15/03/2021,2021,d,N,N,Y,N,N,N,N,Y
D51,21/05/2012,3219,0.0732,S59,31/08/2017,1291,0.0801,0.0787,9,Loc3,14/03/2021,2021,d,N,N,N,NA,NA,N,N,N
D51,21/05/2012,3244,0.0732,S59,31/08/2017,1316,0.0801,0.0787,9,Loc3,08/04/2021,2021,d,N,N,N,NA,NA,N,N,Y
D65,30/05/2018,1057,0.0927,S60,22/04/2019,730,0.0846,0.1286,10,Loc3,21/04/2021,2021,d,N,N,N,NA,NA,N,N,Y
D65,30/05/2018,1059,0.0927,S60,22/04/2019,732,0.0846,0.1286,10,Loc3,23/04/2021,2021,d,N,N,Y,N,N,N,N,Y
D51,21/05/2012,3275,0.0732,S59,31/08/2017,1347,0.0801,0.0787,9,Loc3,09/05/2021,2021,d,N,N,N,NA,NA,N,N,Y
D51,21/05/2012,3277,0.0732,S59,31/08/2017,1349,0.0801,0.0787,9,Loc3,11/05/2021,2021,d,Y,Y,U,NA,N,N,N,Y
D53,28/05/2012,3272,0.0688,NA,NA,NA,NA,NA,NA,Loc3,13/05/2021,2021,d,N,N,NA,NA,NA,NA,N,N
D53,28/05/2012,3275,0.0688,NA,NA,NA,NA,NA,NA,Loc3,16/05/2021,2021,d,N,N,NA,NA,NA,NA,N,N
D65,30/05/2018,1085,0.0927,NA,NA,NA,NA,NA,NA,Loc3,19/05/2021,2021,d,N,N,NA,NA,NA,NA,N,N
D65,30/05/2018,1087,0.0927,NA,NA,NA,NA,NA,NA,Loc3,21/05/2021,2021,d,N,N,NA,NA,NA,NA,N,N
D51,21/05/2012,3292,0.0732,S59,31/08/2017,1364,0.0801,0.0787,9,Loc3,26/05/2021,2021,d,N,N,N,NA,NA,N,N,Y
D51,21/05/2012,3294,0.0732,S59,31/08/2017,1366,0.0801,0.0787,9,Loc3,28/05/2021,2021,d,N,N,N,NA,NA,N,N,N
D5,09/06/2020,356,0.1286,NA,NA,NA,NA,NA,NA,Loc3,31/05/2021,2021,d,N,N,NA,NA,NA,NA,N,N
D5,09/06/2020,359,0.1286,NA,NA,NA,NA,NA,NA,Loc3,03/06/2021,2021,d,N,N,NA,NA,NA,NA,N,N
D64,21/04/2020,420,0.1286,NA,NA,NA,NA,NA,NA,Loc3,15/06/2021,2021,d,N,N,NA,NA,NA,NA,N,N
D53,28/05/2012,3305,0.0688,NA,NA,NA,NA,NA,NA,Loc3,15/06/2021,2021,d,N,N,NA,NA,NA,NA,N,N
D53,28/05/2012,3308,0.0688,NA,NA,NA,NA,NA,NA,Loc3,18/06/2021,2021,d,N,N,NA,NA,NA,NA,N,N
D65,30/05/2018,1128,0.0927,NA,NA,NA,NA,NA,NA,Loc3,01/07/2021,2021,d,N,N,NA,NA,NA,NA,N,N
D65,30/05/2018,1130,0.0927,NA,NA,NA,NA,NA,NA,Loc3,03/07/2021,2021,d,N,N,NA,NA,NA,NA,N,N
D51,21/05/2012,3360,0.0732,NA,NA,NA,NA,NA,NA,Loc3,02/08/2021,2021,d,N,N,NA,NA,NA,NA,N,N
D51,21/05/2012,3363,0.0732,NA,NA,NA,NA,NA,NA,Loc3,05/08/2021,2021,d,N,N,NA,NA,NA,NA,N,N
D6,20/04/1986,,0.0000,S1,U,U,0,U,2,Loc4,U,1990,a,N,N,Y,Y,Y,Y,Y,N
D6,20/04/1986,,0.0000,S1,U,U,0,U,2,Loc4,U,1990,a,N,N,Y,Y,Y,Y,Y,N
D11,06/08/1988,2090,0.0000,U,U,U,U,U,U,Loc4,27/04/1994,1994,b,N,N,U,U,U,U,U,N
D11,06/08/1988,2093,0.0000,U,U,U,U,U,U,Loc4,30/04/1994,1994,b,N,N,U,U,U,U,U,N
D11,06/08/1988,2134,0.0000,S14,30/06/1991,1076,0.0625,0.0000,3,Loc4,10/06/1994,1994,b,Y,Y,U,NA,NA,N,N,N
D11,06/08/1988,2135,0.0000,S14,30/06/1991,1077,0.0625,0.0000,3,Loc4,11/06/1994,1994,b,N,N,U,U,U,U,U,U
D11,06/08/1988,2769,0.0000,U,U,U,U,U,U,Loc4,06/03/1996,1996,b,N,N,N,NA,NA,N,N,N
D11,06/08/1988,2770,0.0000,U,U,U,U,U,U,Loc4,07/03/1996,1996,b,N,N,N,NA,NA,N,N,N
D11,06/08/1988,3023,0.0000,S17,13/04/1992,1677,0.0000,0.0625,3,Loc4,15/11/1996,1996,b,N,N,Y,Y,Y,Y,Y,U
D11,06/08/1988,3053,0.0000,S17,13/04/1992,1707,0.0000,0.0625,3,Loc4,15/12/1996,1996,b,N,N,Y,Y,Y,Y,Y,U
D17,31/07/1993,1775,0.0625,S17,13/04/1992,2249,0.0000,0.0781,3,Loc4,10/06/1998,1998,b,N,N,Y,Y,Y,Y,Y,U
D17,31/07/1993,1828,0.0625,NA,NA,NA,NA,NA,NA,Loc4,02/08/1998,1998,b,U,U,NA,NA,NA,NA,NA,NA
D17,31/07/1993,1986,0.0625,S17,13/04/1992,2460,0.0000,0.0781,3,Loc4,07/01/1999,1999,b,N,N,Y,Y,Y,Y,Y,U
D17,31/07/1993,2007,0.0625,S17,13/04/1992,2481,0.0000,0.0781,3,Loc4,28/01/1999,1999,b,N,N,U,U,U,U,U,U
D17,31/07/1993,2011,0.0625,S17,13/04/1992,2485,0.0000,0.0781,3,Loc4,01/02/1999,1999,b,N,N,U,U,U,U,U,U
D17,31/07/1993,2064,0.0625,NA,NA,NA,NA,NA,NA,Loc4,26/03/1999,1999,b,U,U,NA,NA,NA,NA,NA,NA
D26,21/07/2000,574,0.0000,S27,03/04/2000,683,0.0391,0.0195,6,Loc4,15/02/2002,2002,b,N,N,Y,Y,Y,Y,Y,Y
D26,21/07/2000,1851,0.0000,S28,23/08/2001,1453,0.0156,0.0156,5,Loc4,15/08/2005,2005,c,N,N,Y,Y,Y,Y,Y,N
D46,17/05/2011,1797,0.0688,S50,25/07/2011,1728,0.0566,0.0986,9,Loc5,17/04/2016,2016,d,N,N,Y,Y,Y,Y,Y,U
D46,17/05/2011,1797,0.0688,S50,25/07/2011,1728,0.0566,0.0986,9,Loc5,17/04/2016,2016,d,U,U,N,NA,NA,N,N,U
D46,17/05/2011,1858,0.0688,S50,25/07/2011,1789,0.0566,0.0986,9,Loc5,17/06/2016,2016,d,U,U,Y,N,N,N,N,U
D46,17/05/2011,1867,0.0688,S50,25/07/2011,1798,0.0566,0.0986,9,Loc5,26/06/2016,2016,d,U,U,N,NA,NA,N,N,U
D55,09/01/2013,1269,0.0732,S52,13/08/2012,1418,0.0688,0.1208,9,Loc5,01/07/2016,2016,d,N,N,Y,Y,Y,Y,Y,U
D55,09/01/2013,1276,0.0732,S52,13/08/2012,1425,0.0688,0.1208,9,Loc5,08/07/2016,2016,d,U,U,Y,N,N,N,N,U
D46,17/05/2011,1899,0.0688,S50,25/07/2011,1830,0.0566,0.0986,9,Loc5,28/07/2016,2016,d,U,U,Y,Y,Y,Y,Y,U
D46,17/05/2011,1900,0.0688,S50,25/07/2011,1831,0.0566,0.0986,9,Loc5,29/07/2016,2016,d,U,U,N,NA,NA,N,N,U
D55,09/01/2013,1310,0.0732,S52,13/08/2012,1459,0.0688,0.1208,9,Loc5,11/08/2016,2016,d,N,N,Y,Y,Y,Y,Y,U
D55,09/01/2013,1310,0.0732,S52,13/08/2012,1459,0.0688,0.1208,9,Loc5,11/08/2016,2016,d,N,N,Y,Y,Y,Y,Y,U
D46,17/05/2011,1931,0.0688,S50,25/07/2011,1862,0.0566,0.0986,9,Loc5,29/08/2016,2016,d,U,U,Y,Y,Y,Y,Y,U
D46,17/05/2011,1931,0.0688,S50,25/07/2011,1862,0.0566,0.0986,9,Loc5,29/08/2016,2016,d,U,U,N,NA,NA,N,N,U
D55,09/01/2013,1380,0.0732,NA,NA,NA,NA,NA,NA,Loc5,20/10/2016,2016,d,U,U,NA,NA,NA,N,N,U
D55,09/01/2013,1388,0.0732,NA,NA,NA,NA,NA,NA,Loc5,28/10/2016,2016,d,U,U,NA,NA,NA,N,N,U
D46,17/05/2011,1999,0.0688,S50,25/07/2011,1930,0.0566,0.0986,9,Loc5,05/11/2016,2016,d,U,U,Y,N,N,N,N,U
D46,17/05/2011,1999,0.0688,S50,25/07/2011,1930,0.0566,0.0986,9,Loc5,05/11/2016,2016,d,U,U,N,NA,NA,N,N,U
D46,17/05/2011,2060,0.0688,S50,25/07/2011,1991,0.0566,0.0986,9,Loc5,05/01/2017,2017,d,U,U,N,NA,NA,N,N,U
D46,17/05/2011,2060,0.0688,S50,25/07/2011,1991,0.0566,0.0986,9,Loc5,05/01/2017,2017,d,U,U,N,NA,NA,N,N,U
D46,17/05/2011,2095,0.0688,S50,25/07/2011,2026,0.0566,0.0986,9,Loc5,09/02/2017,2017,d,N,N,Y,Y,Y,Y,Y,U
D46,17/05/2011,2095,0.0688,S50,25/07/2011,2026,0.0566,0.0986,9,Loc5,09/02/2017,2017,d,U,U,N,NA,NA,N,N,U
D55,09/01/2013,1513,0.0732,S52,13/08/2012,1662,0.0688,0.1208,9,Loc5,02/03/2017,2017,d,U,U,N,NA,NA,N,N,U
D55,09/01/2013,1513,0.0732,S52,13/08/2012,1662,0.0688,0.1208,9,Loc5,02/03/2017,2017,d,U,U,N,NA,NA,N,N,U
D46,17/05/2011,2139,0.0688,S50,25/07/2011,2070,0.0566,0.0986,9,Loc5,25/03/2017,2017,d,U,U,Y,N,N,N,N,U
D46,17/05/2011,2139,0.0688,S50,25/07/2011,2070,0.0566,0.0986,9,Loc5,25/03/2017,2017,d,N,N,Y,Y,Y,Y,Y,U
D55,09/01/2013,1549,0.0732,S52,13/08/2012,1698,0.0688,0.1208,9,Loc5,07/04/2017,2017,d,U,U,Y,N,N,N,N,U
D55,09/01/2013,1549,0.0732,S52,13/08/2012,1698,0.0688,0.1208,9,Loc5,07/04/2017,2017,d,N,N,Y,Y,Y,Y,Y,U
D62,28/08/2016,243,0.1208,S58,10/05/2016,353,0.0986,0.1371,10,Loc5,28/04/2017,2017,d,U,U,N,NA,NA,N,N,U
D62,28/08/2016,245,0.1208,S58,10/05/2016,355,0.0986,0.1371,10,Loc5,30/04/2017,2017,d,U,U,N,NA,NA,N,N,U
D55,09/01/2013,1583,0.0732,S52,13/08/2012,1732,0.0688,0.1208,9,Loc5,11/05/2017,2017,d,U,U,N,NA,NA,N,N,U
D55,09/01/2013,1583,0.0732,S52,13/08/2012,1732,0.0688,0.1208,9,Loc5,11/05/2017,2017,d,U,U,N,NA,NA,N,N,U
D55,09/01/2013,1585,0.0732,S52,13/08/2012,1734,0.0688,0.1208,9,Loc5,13/05/2017,2017,d,N,N,Y,Y,Y,Y,Y,U
D55,09/01/2013,1586,0.0732,S52,13/08/2012,1735,0.0688,0.1208,9,Loc5,14/05/2017,2017,d,N,N,Y,Y,Y,Y,Y,U
D46,17/05/2011,2201,0.0688,S50,25/07/2011,2132,0.0566,0.0986,9,Loc5,26/05/2017,2017,d,N,N,Y,Y,Y,Y,Y,U
D46,17/05/2011,2203,0.0688,S50,25/07/2011,2134,0.0566,0.0986,9,Loc5,28/05/2017,2017,d,N,N,Y,Y,Y,Y,Y,U
D62,28/08/2016,288,0.1208,S58,10/05/2016,398,0.0986,0.1371,10,Loc5,12/06/2017,2017,d,U,U,Y,NA,NA,N,N,U
D62,28/08/2016,288,0.1208,S58,10/05/2016,398,0.0986,0.1371,10,Loc5,12/06/2017,2017,d,U,U,Y,NA,NA,N,N,U
D55,09/01/2013,1633,0.0732,S52,13/08/2012,1782,0.0688,0.1208,9,Loc5,30/06/2017,2017,d,U,U,Y,NA,NA,N,N,U
D55,09/01/2013,1633,0.0732,S52,13/08/2012,1782,0.0688,0.1208,9,Loc5,30/06/2017,2017,d,U,U,Y,NA,NA,N,N,U
D55,09/01/2013,1633,0.0732,S52,13/08/2012,1782,0.0688,0.1208,9,Loc5,30/06/2017,2017,d,U,U,Y,NA,NA,N,N,U
D46,17/05/2011,2243,0.0688,S50,25/07/2011,2174,0.0566,0.0986,9,Loc5,07/07/2017,2017,d,U,U,Y,NA,NA,N,N,U
D46,17/05/2011,2243,0.0688,S50,25/07/2011,2174,0.0566,0.0986,9,Loc5,07/07/2017,2017,d,U,U,Y,NA,NA,N,N,U
D62,28/08/2016,330,0.1208,S58,10/05/2016,440,0.0986,0.1371,10,Loc5,24/07/2017,2017,d,U,U,Y,NA,NA,N,N,U
D62,28/08/2016,334,0.1208,S58,10/05/2016,444,0.0986,0.1371,10,Loc5,28/07/2017,2017,d,U,U,Y,NA,NA,N,N,U
D62,28/08/2016,344,0.1208,S58,10/05/2016,454,0.0986,0.1371,10,Loc5,07/08/2017,2017,d,U,U,N,NA,NA,N,N,U
D55,09/01/2013,1881,0.0732,S52,13/08/2012,2030,0.0688,0.1208,9,Loc5,05/03/2018,2018,d,N,N,Y,Y,Y,Y,N,U
D55,09/01/2013,1891,0.0732,S52,13/08/2012,2040,0.0688,0.1208,9,Loc5,15/03/2018,2018,d,U,U,Y,N,N,N,N,U
D55,09/01/2013,1928,0.0732,S52,13/08/2012,2077,0.0688,0.1208,9,Loc5,21/04/2018,2018,d,U,U,N,NA,NA,N,N,U
D55,09/01/2013,1933,0.0732,S52,13/08/2012,2082,0.0688,0.1208,9,Loc5,26/04/2018,2018,d,U,U,N,NA,NA,N,N,U
D55,09/01/2013,1968,0.0732,S52,13/08/2012,2117,0.0688,0.1208,9,Loc5,31/05/2018,2018,d,U,U,Y,NA,NA,N,N,U
D55,09/01/2013,1968,0.0732,S52,13/08/2012,2117,0.0688,0.1208,9,Loc5,31/05/2018,2018,d,N,N,Y,Y,Y,Y,Y,U
D62,28/08/2016,641,0.1208,S58,10/05/2016,751,0.0986,0.1371,10,Loc5,31/05/2018,2018,d,U,U,N,NA,NA,N,N,U
D62,28/08/2016,641,0.1208,S58,10/05/2016,751,0.0986,0.1371,10,Loc5,31/05/2018,2018,d,U,U,N,NA,NA,N,N,U
D55,09/01/2013,2006,0.0732,S52,13/08/2012,2155,0.0688,0.1208,9,Loc5,08/07/2018,2018,d,U,U,Y,N,N,N,N,U
D44,24/04/2008,985,0.0854,S39,13/07/2006,1636,0.0751,0.0751,7,Loc4,04/01/2011,2011,c,U,U,N,NA,NA,N,N,U
D44,24/04/2008,986,0.0854,S39,13/07/2006,1637,0.0751,0.0751,7,Loc4,05/01/2011,2011,c,U,U,N,NA,NA,N,N,U
D44,24/04/2008,1020,0.0854,S39,13/07/2006,1671,0.0751,0.0751,7,Loc4,08/02/2011,2011,c,U,U,N,NA,NA,N,N,U
D44,24/04/2008,1020,0.0854,S39,13/07/2006,1671,0.0751,0.0751,7,Loc4,08/02/2011,2011,c,U,U,N,NA,NA,N,N,U
D44,24/04/2008,1059,0.0854,S39,13/07/2006,1710,0.0751,0.0751,7,Loc4,19/03/2011,2011,c,U,U,U,N,N,N,N,U
D44,24/04/2008,1060,0.0854,S39,13/07/2006,1711,0.0751,0.0751,7,Loc4,20/03/2011,2011,c,U,U,N,NA,NA,N,N,U
D44,24/04/2008,1098,0.0854,S39,13/07/2006,1749,0.0751,0.0751,7,Loc4,27/04/2011,2011,c,U,U,N,NA,NA,N,N,U
D44,24/04/2008,1099,0.0854,S39,13/07/2006,1750,0.0751,0.0751,7,Loc4,28/04/2011,2011,c,U,U,N,NA,NA,N,N,U
D44,24/04/2008,1128,0.0854,S39,13/07/2006,1779,0.0751,0.0751,7,Loc4,27/05/2011,2011,c,U,U,N,NA,NA,N,N,U
D44,24/04/2008,1129,0.0854,S39,13/07/2006,1780,0.0751,0.0751,7,Loc4,28/05/2011,2011,c,U,U,N,NA,NA,N,N,U
D44,24/04/2008,1171,0.0854,S39,13/07/2006,1822,0.0751,0.0751,7,Loc4,09/07/2011,2011,c,U,U,N,NA,NA,N,N,U
D44,24/04/2008,1172,0.0854,S39,13/07/2006,1823,0.0751,0.0751,7,Loc4,10/07/2011,2011,c,U,U,N,NA,NA,N,N,U
D44,24/04/2008,1204,0.0854,S39,13/07/2006,1855,0.0751,0.0751,7,Loc4,11/08/2011,2011,c,U,U,N,NA,NA,N,N,U
D44,24/04/2008,1205,0.0854,S39,13/07/2006,1856,0.0751,0.0751,7,Loc4,12/08/2011,2011,c,N,N,Y,Y,Y,Y,Y,U
D44,24/04/2008,1243,0.0854,S39,13/07/2006,1894,0.0751,0.0751,7,Loc4,19/09/2011,2011,c,U,U,N,NA,NA,N,N,U
D44,24/04/2008,1244,0.0854,S39,13/07/2006,1895,0.0751,0.0751,7,Loc4,20/09/2011,2011,c,U,U,Y,N,N,N,N,U
D44,24/04/2008,1279,0.0854,S39,13/07/2006,1930,0.0751,0.0751,7,Loc4,25/10/2011,2011,c,U,U,N,NA,NA,N,N,U
D44,24/04/2008,1280,0.0854,S39,13/07/2006,1931,0.0751,0.0751,7,Loc4,26/10/2011,2011,c,U,U,Y,N,N,N,N,U
D44,24/04/2008,1318,0.0854,S39,13/07/2006,1969,0.0751,0.0751,7,Loc4,03/12/2011,2011,c,U,U,Y,N,N,N,N,U
D44,24/04/2008,1319,0.0854,S39,13/07/2006,1970,0.0751,0.0751,7,Loc4,04/12/2011,2011,c,U,U,N,NA,NA,N,N,U
D44,24/04/2008,1471,0.0854,S39,13/07/2006,2122,0.0751,0.0751,7,Loc4,04/05/2012,2012,c,N,N,Y,Y,Y,Y,Y,U
D44,24/04/2008,1472,0.0854,S39,13/07/2006,2123,0.0751,0.0751,7,Loc4,05/05/2012,2012,c,N,N,Y,Y,Y,Y,Y,U
D44,24/04/2008,1594,0.0854,S39,13/07/2006,2245,0.0751,0.0751,7,Loc4,04/09/2012,2012,c,U,U,Y,N,N,N,N,U
D44,24/04/2008,1595,0.0854,S39,13/07/2006,2246,0.0751,0.0751,7,Loc4,05/09/2012,2012,c,U,U,N,NA,NA,N,N,U
D44,24/04/2009,3424,0.0854,NA,NA,NA,NA,NA,NA,Loc4,08/09/2018,2018,d,U,U,NA,NA,NA,NA,N,U
D44,24/04/2010,3062,0.0854,NA,NA,NA,NA,NA,NA,Loc4,11/09/2018,2018,d,U,U,NA,NA,NA,NA,N,U
D27,24/03/1999,3396,0.0625,S25,26/04/1999,3363,0.0781,0.0552,6,Loc6,10/07/2008,2008,c,N,N,N,NA,NA,N,N,U
D27,24/03/1999,3397,0.0625,S25,26/04/1999,3364,0.0781,0.0552,6,Loc6,11/07/2008,2008,c,N,N,N,NA,NA,N,N,U
D27,24/03/1999,4362,0.0625,S43,13/05/2009,659,0.0718,0.0811,8,Loc6,03/03/2011,2011,c,N,N,Y,Y,Y,Y,Y,U
D27,24/03/1999,4365,0.0625,S43,13/05/2009,662,0.0718,0.0811,8,Loc6,06/03/2011,2011,c,N,N,N,NA,NA,N,N,U
D27,24/03/1999,4401,0.0625,S43,13/05/2009,698,0.0718,0.0811,8,Loc6,11/04/2011,2011,c,N,N,Y,N,N,N,N,U
D27,24/03/1999,4403,0.0625,S43,13/05/2009,700,0.0718,0.0811,8,Loc6,13/04/2011,2011,c,N,N,N,NA,NA,N,N,U
D27,24/03/1999,4439,0.0625,S25,26/04/1999,4406,0.0781,0.0552,6,Loc6,19/05/2011,2011,c,N,N,Y,N,N,N,N,U
D27,24/03/1999,4441,0.0625,S25,26/04/1999,4408,0.0781,0.0552,6,Loc6,21/05/2011,2011,c,N,N,Y,N,N,N,N,U
D27,24/03/1999,4439,0.0625,S43,13/05/2009,736,0.0718,0.0811,8,Loc6,19/05/2011,2011,c,Y,N,Y,NA,NA,N,N,U
D27,24/03/1999,4441,0.0625,S43,13/05/2009,738,0.0718,0.0811,8,Loc6,21/05/2011,2011,c,N,N,N,NA,NA,N,N,U
D27,24/03/1999,4474,0.0625,S43,13/05/2009,771,0.0718,0.0811,8,Loc6,23/06/2011,2011,c,N,N,N,NA,NA,N,N,U
D27,24/03/1999,4476,0.0625,S43,13/05/2009,773,0.0718,0.0811,8,Loc6,25/06/2011,2011,c,N,N,N,NA,NA,N,N,U
D27,24/03/1999,4534,0.0625,S43,13/05/2009,831,0.0718,0.0811,8,Loc6,22/08/2011,2011,c,N,N,N,NA,NA,N,N,U
D27,24/03/1999,4535,0.0625,S43,13/05/2009,832,0.0718,0.0811,8,Loc6,23/08/2011,2011,c,N,N,N,NA,NA,N,N,U
D27,24/03/1999,4756,0.0625,S43,13/05/2009,1053,0.0718,0.0811,8,Loc6,31/03/2012,2012,c,N,N,N,NA,NA,N,N,U
D27,24/03/1999,4758,0.0625,S43,13/05/2009,1055,0.0718,0.0811,8,Loc6,02/04/2012,2012,c,N,N,N,NA,NA,N,N,U
D27,24/03/1999,4786,0.0625,S43,13/05/2009,1083,0.0718,0.0811,8,Loc6,30/04/2012,2012,c,Y,Y,U,NA,NA,N,N,U
D27,24/03/1999,4788,0.0625,S43,13/05/2009,1085,0.0718,0.0811,8,Loc6,02/05/2012,2012,c,N,N,N,NA,NA,N,N,U
D27,24/03/1999,4816,0.0625,S43,13/05/2009,1113,0.0718,0.0811,8,Loc6,30/05/2012,2012,c,N,N,N,NA,NA,N,N,U
D27,24/03/1999,4818,0.0625,S43,13/05/2009,1115,0.0718,0.0811,8,Loc6,01/06/2012,2012,c,N,N,N,NA,NA,N,N,U
D57,14/06/2014,740,0.0878,S55,01/01/2014,904,0.0779,0.0996,10,Loc6,23/06/2016,2016,d,Y,Y,U,NA,NA,N,N,U
D57,14/06/2014,763,0.0878,S55,01/01/2014,927,0.0779,0.0996,10,Loc6,16/07/2016,2016,d,N,N,Y,N,N,N,N,U
D57,14/06/2014,1085,0.0878,S55,01/01/2014,1249,0.0779,0.0996,10,Loc6,03/06/2017,2017,d,Y,Y,U,NA,NA,N,N,U
D57,14/06/2014,1113,0.0878,S55,01/01/2014,1277,0.0779,0.0996,10,Loc6,01/07/2017,2017,d,N,N,Y,N,N,N,N,U
D57,14/06/2014,1146,0.0878,S55,01/01/2014,1310,0.0779,0.0996,10,Loc6,03/08/2017,2017,d,Y,Y,U,NA,NA,N,N,U
D57,14/06/2014,1389,0.0878,S55,01/01/2014,1553,0.0779,0.0996,10,Loc6,03/04/2018,2018,d,Y,Y,U,NA,NA,N,N,U
D57,14/06/2014,1447,0.0878,S55,01/01/2014,1611,0.0779,0.0996,10,Loc6,31/05/2018,2018,d,Y,Y,U,NA,NA,N,N,U
D57,14/06/2014,1504,0.0878,S55,01/01/2014,1668,0.0779,0.0996,10,Loc6,27/07/2018,2018,d,Y,Y,U,NA,NA,N,N,U
D57,14/06/2014,1527,0.0878,S55,01/01/2014,1691,0.0779,0.0996,10,Loc6,19/08/2018,2018,d,Y,Y,U,NA,NA,N,N,U
D57,14/06/2014,1528,0.0878,S55,01/01/2014,1692,0.0779,0.0996,10,Loc6,20/08/2018,2018,d,Y,Y,U,NA,NA,N,N,U
D57,14/06/2014,1537,0.0878,S55,01/01/2014,1701,0.0779,0.0996,10,Loc6,29/08/2018,2018,d,N,N,N,NA,NA,N,N,U
D57,14/06/2014,1810,0.0878,S55,01/01/2014,1974,0.0779,0.0996,10,Loc6,29/05/2019,2019,d,N,N,N,NA,NA,N,N,U
D57,14/06/2014,1826,0.0878,S55,01/01/2014,1990,0.0779,0.0996,10,Loc6,14/06/2019,2019,d,Y,Y,U,NA,NA,N,N,U
D39,06/05/2007,1744,0.0352,S31,10/06/2004,2804,0.0195,0.0688,7,Loc7,13/02/2012,2012,c,N,N,Y,Y,Y,Y,Y,U
D39,06/05/2007,1834,0.0352,S31,10/06/2004,2894,0.0195,0.0688,7,Loc7,13/05/2012,2012,c,N,N,Y,Y,Y,Y,Y,U
D39,06/05/2007,1834,0.0352,S31,10/06/2004,2894,0.0195,0.0688,7,Loc7,13/05/2012,2012,c,N,N,Y,Y,Y,Y,Y,U
D39,06/05/2007,1909,0.0352,S31,10/06/2004,2969,0.0195,0.0688,7,Loc7,27/07/2012,2012,c,N,N,Y,Y,Y,Y,Y,U
D39,06/05/2007,1909,0.0352,S31,10/06/2004,2969,0.0195,0.0688,7,Loc7,27/07/2012,2012,c,N,N,Y,Y,Y,Y,Y,U
D39,06/05/2007,2101,0.0352,S31,10/06/2004,3161,0.0195,0.0688,7,Loc7,04/02/2013,2013,c,N,N,Y,Y,Y,Y,Y,U
D39,06/05/2007,2112,0.0352,S31,10/06/2004,3172,0.0195,0.0688,7,Loc7,15/02/2013,2013,c,N,N,Y,Y,Y,Y,Y,U
D39,06/05/2007,2187,0.0352,S31,10/06/2004,3247,0.0195,0.0688,7,Loc7,01/05/2013,2013,c,N,N,Y,Y,Y,Y,Y,U
D39,06/05/2007,2468,0.0352,S31,10/06/2004,3528,0.0195,0.0688,7,Loc7,06/02/2014,2014,d,U,U,Y,N,N,N,N,U
D39,06/05/2007,2559,0.0352,S31,10/06/2004,3619,0.0195,0.0688,7,Loc7,08/05/2014,2014,d,U,U,N,NA,NA,N,N,U
D39,06/05/2007,2559,0.0352,S31,10/06/2004,3619,0.0195,0.0688,7,Loc7,08/05/2014,2014,d,U,U,N,NA,NA,N,N,U
D39,06/05/2007,2601,0.0352,S31,10/06/2004,3661,0.0195,0.0688,7,Loc7,19/06/2014,2014,d,U,U,Y,Y,Y,Y,Y,U
D39,06/05/2007,2712,0.0352,S31,10/06/2004,3772,0.0195,0.0688,7,Loc7,08/10/2014,2014,d,U,U,Y,N,N,N,N,U
D39,06/05/2007,2712,0.0352,S31,10/06/2004,3772,0.0195,0.0688,7,Loc7,08/10/2014,2014,d,N,N,Y,Y,Y,Y,Y,U
D58,17/03/2014,885,0.1024,S56,03/09/2014,715,0.0731,0.1224,9,Loc7,18/08/2016,2016,d,U,U,U,N,N,N,N,U
D58,17/03/2014,885,0.1024,S56,03/09/2014,715,0.0731,0.1224,9,Loc7,18/08/2016,2016,d,U,U,U,N,N,N,N,U
D58,17/03/2014,1069,0.1024,S29,08/05/2004,4669,0.0195,0.1295,9,Loc7,18/02/2017,2017,d,U,U,Y,Y,Y,Y,Y,U
D58,17/03/2014,1069,0.1024,S29,08/05/2004,4669,0.0195,0.1295,9,Loc7,18/02/2017,2017,d,U,U,N,NA,NA,N,N,U
D56,31/12/2012,1539,0.0718,S31,10/06/2004,4665,0.0195,0.1183,9,Loc7,19/03/2017,2017,d,U,U,N,NA,NA,N,N,U
D56,31/12/2012,1539,0.0718,S31,10/06/2004,4665,0.0195,0.1183,9,Loc7,19/03/2017,2017,d,U,U,N,NA,NA,N,N,U
D58,17/03/2014,1126,0.1024,S29,08/05/2004,4726,0.0195,0.1295,9,Loc7,16/04/2017,2017,d,U,U,Y,N,N,N,N,U
D58,17/03/2014,1127,0.1024,S29,08/05/2004,4727,0.0195,0.1295,9,Loc7,17/04/2017,2017,d,N,N,Y,Y,Y,Y,Y,U
D56,31/12/2012,1587,0.0718,S31,10/06/2004,4713,0.0195,0.1183,9,Loc7,06/05/2017,2017,d,U,U,Y,Y,Y,Y,Y,U
D58,17/03/2014,1545,0.1024,S57,21/04/2015,1145,0.0883,0.1152,9,Loc7,09/06/2018,2018,d,U,U,N,NA,NA,N,N,U
D58,17/03/2014,1547,0.1024,S57,21/04/2015,1147,0.0883,0.1152,9,Loc7,11/06/2018,2018,d,U,U,N,NA,NA,N,N,U
D58,17/03/2014,1548,0.1024,S57,21/04/2015,1148,0.0883,0.1152,9,Loc7,12/06/2018,2018,d,U,U,N,NA,NA,N,N,U
D56,31/12/2012,2250,0.0718,S31,10/06/2004,5376,0.0195,0.1183,9,Loc7,28/02/2019,2019,d,U,U,N,NA,NA,N,N,U
D56,31/12/2012,2256,0.0718,S31,10/06/2004,5382,0.0195,0.1183,9,Loc7,06/03/2019,2019,d,U,U,N,NA,NA,N,N,U
D58,17/03/2014,1895,0.1024,S57,21/04/2015,1495,0.0883,0.1152,9,Loc7,25/05/2019,2019,d,U,U,N,NA,NA,N,N,U
D58,17/03/2014,1913,0.1024,S57,21/04/2015,1513,0.0883,0.1152,9,Loc7,12/06/2019,2019,d,U,U,N,NA,NA,N,N,U
D10,07/07/1988,645,0.0000,S10,01/07/1988,651,0.0000,0.0000,3,Loc8,13/04/1990,1990,a,N,N,Y,Y,Y,Y,Y,N
D10,07/07/1988,645,0.0000,S10,01/07/1988,651,0.0000,0.0000,3,Loc8,13/04/1990,1990,a,N,N,Y,Y,Y,Y,Y,N
D10,07/07/1988,682,0.0000,S10,01/07/1988,688,0.0000,0.0000,3,Loc8,20/05/1990,1990,a,N,N,Y,Y,Y,Y,Y,N
D10,07/07/1988,682,0.0000,S10,01/07/1988,688,0.0000,0.0000,3,Loc8,20/05/1990,1990,a,N,N,Y,Y,Y,Y,Y,N
D10,07/07/1988,725,0.0000,S10,01/07/1988,731,0.0000,0.0000,3,Loc8,02/07/1990,1990,a,N,N,Y,Y,Y,Y,Y,N
D10,07/07/1988,725,0.0000,S10,01/07/1988,731,0.0000,0.0000,3,Loc8,02/07/1990,1990,a,N,N,Y,Y,Y,Y,Y,N
D10,07/07/1988,758,0.0000,S10,01/07/1988,764,0.0000,0.0000,3,Loc8,04/08/1990,1990,a,N,N,N,NA,NA,N,N,N
D10,07/07/1988,758,0.0000,S10,01/07/1988,764,0.0000,0.0000,3,Loc8,04/08/1990,1990,a,N,N,N,NA,NA,N,N,N
D10,07/07/1988,758,0.0000,S10,01/07/1988,764,0.0000,0.0000,3,Loc8,04/08/1990,1990,a,N,N,N,NA,NA,N,N,N
D10,07/07/1988,930,0.0000,S10,01/07/1988,936,0.0000,0.0000,3,Loc8,23/01/1991,1991,a,N,N,N,NA,NA,N,N,N
D10,07/07/1988,931,0.0000,S10,01/07/1988,937,0.0000,0.0000,3,Loc8,24/01/1991,1991,a,N,N,Y,N,N,N,N,N
D10,07/07/1988,974,0.0000,S10,01/07/1988,980,0.0000,0.0000,3,Loc8,08/03/1991,1991,a,N,N,Y,Y,Y,Y,Y,N
D10,07/07/1988,975,0.0000,S10,01/07/1988,981,0.0000,0.0000,3,Loc8,09/03/1991,1991,a,N,N,Y,Y,Y,Y,Y,N
D14,13/06/1990,301,0.0000,S12,05/05/1990,340,0.0000,0.2500,4,Loc8,10/04/1991,1991,a,N,N,Y,Y,Y,Y,Y,N
D14,13/06/1990,302,0.0000,S12,05/05/1990,341,0.0000,0.2500,4,Loc8,11/04/1991,1991,a,N,N,Y,N,N,N,N,Y
D14,13/06/1990,339,0.0000,S13,21/05/1990,362,0.125,0.0000,4,Loc8,18/05/1991,1991,a,N,N,U,N,N,N,N,Y
D14,13/06/1990,342,0.0000,S13,21/05/1990,365,0.125,0.0000,4,Loc8,21/05/1991,1991,a,N,N,U,N,N,N,N,Y
D10,07/07/1988,1045,0.0000,S10,01/07/1988,1051,0.0000,0.0000,3,Loc8,18/05/1991,1991,a,N,N,Y,Y,Y,Y,Y,N
D10,07/07/1988,1046,0.0000,S10,01/07/1988,1052,0.0000,0.0000,3,Loc8,19/05/1991,1991,a,N,N,Y,Y,Y,Y,Y,N
D10,07/07/1988,1047,0.0000,S10,01/07/1988,1053,0.0000,0.0000,3,Loc8,20/05/1991,1991,a,N,N,Y,Y,Y,Y,Y,N
D10,07/07/1988,1088,0.0000,S10,01/07/1988,1094,0.0000,0.0000,3,Loc8,30/06/1991,1991,a,N,N,Y,Y,Y,Y,Y,N
D10,07/07/1988,1089,0.0000,S10,01/07/1988,1095,0.0000,0.0000,3,Loc8,01/07/1991,1991,a,N,N,N,NA,NA,N,N,N
D10,07/07/1988,1309,0.0000,S10,01/07/1988,1315,0.0000,0.0000,3,Loc8,06/02/1992,1992,a,N,N,Y,N,N,N,N,Y
D10,07/07/1988,1313,0.0000,S10,01/07/1988,1319,0.0000,0.0000,3,Loc8,10/02/1992,1992,a,N,N,Y,Y,Y,Y,Y,Y
D10,07/07/1988,1375,0.0000,S10,01/07/1988,1381,0.0000,0.0000,3,Loc8,12/04/1992,1992,a,Y,Y,U,N,N,N,N,N
D10,07/07/1988,1377,0.0000,S10,01/07/1988,1383,0.0000,0.0000,3,Loc8,14/04/1992,1992,a,Y,Y,U,NA,NA,N,N,Y
D10,07/07/1988,1396,0.0000,S10,01/07/1988,1402,0.0000,0.0000,3,Loc8,03/05/1992,1992,a,N,N,Y,Y,Y,Y,Y,Y
D10,07/07/1988,1397,0.0000,S10,01/07/1988,1403,0.0000,0.0000,3,Loc8,04/05/1992,1992,a,N,N,N,NA,NA,N,N,N
D10,07/07/1988,1424,0.0000,S10,01/07/1988,1430,0.0000,0.0000,3,Loc8,31/05/1992,1992,a,Y,Y,U,NA,NA,N,N,N
D10,07/07/1988,1700,0.0000,NA,NA,NA,NA,NA,NA,Loc8,03/03/1993,1993,b,N,N,NA,NA,NA,N,N,N
D10,07/07/1988,1739,0.0000,NA,NA,NA,NA,NA,NA,Loc8,11/04/1993,1993,b,U,Y,NA,NA,NA,N,N,N
D10,07/07/1988,1754,0.0000,NA,NA,NA,NA,NA,NA,Loc8,26/04/1993,1993,b,N,N,NA,NA,NA,N,N,N
D10,07/07/1988,1765,0.0000,NA,NA,NA,NA,NA,NA,Loc8,07/05/1993,1993,b,N,N,NA,NA,NA,N,N,N
D10,07/07/1988,1796,0.0000,NA,NA,NA,NA,NA,NA,Loc8,07/06/1993,1993,b,N,N,NA,NA,NA,N,N,N
D10,07/07/1988,1826,0.0000,NA,NA,NA,NA,NA,NA,Loc8,07/07/1993,1993,b,N,N,NA,NA,NA,N,N,N
D10,07/07/1988,1865,0.0000,NA,NA,NA,NA,NA,NA,Loc8,15/08/1993,1993,b,Y,Y,NA,NA,NA,N,N,N
D10,07/07/1988,1970,0.0000,NA,NA,NA,NA,NA,NA,Loc8,28/11/1993,1993,b,Y,Y,NA,NA,NA,N,N,N
D10,07/07/1988,1976,0.0000,NA,NA,NA,NA,NA,NA,Loc8,04/12/1993,1993,b,Y,Y,NA,NA,NA,N,N,N
D21,11/05/1996,1057,0.0000,S6,U,U,0.0000,0.0000,3,Loc9,03/04/1999,1999,b,N,N,Y,Y,Y,Y,Y,Y
D21,11/05/1996,1060,0.0000,S6,U,U,0.0000,0.0000,3,Loc9,06/04/1999,1999,b,N,N,Y,Y,Y,Y,Y,Y
D21,11/05/1996,1125,0.0000,S6,U,U,0.0000,0.0000,3,Loc9,10/06/1999,1999,b,N,N,Y,Y,Y,Y,Y,N
D18,06/06/1995,1478,0.0781,S4,U,U,0.0000,0.0000,4,Loc9,23/06/1999,1999,b,N,N,N,NA,NA,N,N,N
D18,06/06/1995,1483,0.0781,S4,U,U,0.0000,0.0000,4,Loc9,28/06/1999,1999,b,N,N,N,NA,NA,N,N,N
D18,06/06/1995,1441,0.0781,S4,U,U,0.0000,0.0000,4,Loc9,17/05/1999,1999,b,N,Y,U,NA,NA,N,N,N
D18,06/06/1995,1443,0.0781,S4,U,U,0.0000,0.0000,4,Loc9,19/05/1999,1999,b,N,N,Y,Y,Y,Y,Y,N
D21,11/05/1996,1091,0.0000,S6,U,U,0.0000,0.0000,3,Loc9,07/05/1999,1999,b,N,N,Y,Y,Y,Y,Y,N
D21,11/05/1996,1095,0.0000,S6,U,U,0.0000,0.0000,3,Loc9,11/05/1999,1999,b,N,N,N,NA,NA,N,N,N
D18,06/06/1995,1787,0.0781,S4,U,U,0.0000,0.0000,4,Loc9,27/04/2000,2000,b,N,N,Y,Y,Y,Y,Y,N
D18,06/06/1995,1789,0.0781,S4,U,U,0.0000,0.0000,4,Loc9,29/04/2000,2000,b,N,N,Y,Y,Y,Y,Y,N
D22,04/08/1998,657,0.0000,S19,26/06/1993,2522,0.0000,0.0156,4,Loc12,22/05/2000,2000,b,Y,Y,U,NA,NA,N,N,N
D22,04/08/1998,662,0.0000,S19,26/06/1993,2527,0.0000,0.0156,4,Loc12,27/05/2000,2000,b,N,Y,U,NA,NA,N,N,N
D22,04/08/1998,600,0.0000,S19,26/06/1993,2465,0.0000,0.0156,4,Loc12,26/03/2000,2000,b,Y,Y,U,NA,NA,N,N,N
D22,04/08/1998,602,0.0000,S19,26/06/1993,2467,0.0000,0.0156,4,Loc12,28/03/2000,2000,b,N,Y,U,NA,NA,N,N,N
D23,13/01/1997,1193,0.0625,S20,27/06/1993,2489,0.0000,0.0156,4,Loc12,20/04/2000,2000,b,N,N,N,NA,NA,N,N,N
D23,13/01/1997,1195,0.0625,S20,27/06/1993,2491,0.0000,0.0156,4,Loc12,22/04/2000,2000,b,N,N,N,NA,NA,N,N,N
D19,17/07/1995,1703,0.0156,S12,05/05/1990,3602,0.0000,0.0859,4,Loc11,15/03/2000,2000,b,N,N,U,N,N,N,N,N
D19,17/07/1995,1705,0.0156,S12,05/05/1990,3604,0.0000,0.0859,4,Loc11,17/03/2000,2000,b,N,N,U,N,N,N,N,N
D21,11/05/1996,793,0.0000,S6,U,U,0.0000,0.0000,3,Loc9,13/07/1998,1998,b,N,N,Y,Y,Y,Y,Y,N
D21,11/05/1996,796,0.0000,S6,U,U,0.0000,0.0000,3,Loc9,16/07/1998,1998,b,N,N,N,NA,NA,N,N,N
D16,27/04/1994,1813,0.0000,S15,30/07/1991,2815,0.0000,0.0625,3,Loc10,14/04/1999,1999,b,N,N,Y,Y,Y,Y,Y,N
D16,27/04/1994,1839,0.0000,S15,30/07/1991,2841,0.0000,0.0625,3,Loc10,10/05/1999,1999,b,N,N,Y,N,N,N,N,N
D16,27/04/1994,1870,0.0000,S15,30/07/1991,2872,0.0000,0.0625,3,Loc10,10/06/1999,1999,b,N,N,U,N,N,N,N,N
D16,27/04/1994,1870,0.0000,S15,30/07/1991,2872,0.0000,0.0625,3,Loc10,10/06/1999,1999,b,Y,Y,U,NA,NA,N,N,N
D24,12/09/1998,906,0.0000,S9,10/05/1987,5049,0.0000,0.0000,4,Loc10,06/03/2001,2001,b,Y,Y,U,NA,NA,N,N,N
D24,12/09/1998,969,0.0000,NA,NA,NA,NA,NA,NA,Loc10,08/05/2001,2001,b,N,N,NA,NA,NA,NA,N,N
D24,12/09/1998,1004,0.0000,S9,10/05/1987,5147,0.0000,0.0000,4,Loc10,12/06/2001,2001,b,N,N,N,NA,NA,N,N,N
D24,12/09/1998,1004,0.0000,S9,10/05/1987,5147,0.0000,0.0000,4,Loc10,12/06/2001,2001,b,N,N,N,NA,NA,N,N,N
D24,12/09/1998,1025,0.0000,S9,10/05/1987,5168,0.0000,0.0000,4,Loc10,03/07/2001,2001,b,N,N,N,NA,NA,N,N,N
D24,12/09/1998,1040,0.0000,S9,10/05/1987,5183,0.0000,0.0000,4,Loc10,18/07/2001,2001,b,N,N,N,NA,NA,N,N,N
D24,12/09/1998,1068,0.0000,S9,10/05/1987,5211,0.0000,0.0000,4,Loc10,15/08/2001,2001,b,N,N,N,NA,NA,N,N,N
D24,12/09/1998,1068,0.0000,S9,10/05/1987,5211,0.0000,0.0000,4,Loc10,15/08/2001,2001,b,N,N,N,NA,NA,N,N,N
D24,12/09/1998,1096,0.0000,S9,10/05/1987,5239,0.0000,0.0000,4,Loc10,12/09/2001,2001,b,N,N,N,NA,NA,N,N,N
D24,12/09/1998,1096,0.0000,S9,10/05/1987,5239,0.0000,0.0000,4,Loc10,12/09/2001,2001,b,N,N,N,NA,NA,N,N,N
D24,12/09/1998,1336,0.0000,S9,10/05/1987,5479,0.0000,0.0000,4,Loc10,10/05/2002,2002,b,N,N,N,NA,NA,N,N,N
D24,12/09/1998,1336,0.0000,S9,10/05/1987,5479,0.0000,0.0000,4,Loc10,10/05/2002,2002,b,N,N,N,NA,NA,N,N,N
D24,12/09/1998,1357,0.0000,S9,10/05/1987,5500,0.0000,0.0000,4,Loc10,31/05/2002,2002,b,N,N,N,NA,NA,N,N,N
D24,12/09/1998,1357,0.0000,S9,10/05/1987,5500,0.0000,0.0000,4,Loc10,31/05/2002,2002,b,Y,Y,U,NA,NA,N,N,N
D24,12/09/1998,1374,0.0000,S9,10/05/1987,5517,0.0000,0.0000,4,Loc10,17/06/2002,2002,b,N,N,N,NA,NA,N,N,N
D24,12/09/1998,1375,0.0000,S9,10/05/1987,5518,0.0000,0.0000,4,Loc10,18/06/2002,2002,b,N,N,N,NA,NA,N,N,N
D24,12/09/1998,1417,0.0000,S9,10/05/1987,5560,0.0000,0.0000,4,Loc10,30/07/2002,2002,b,N,N,N,NA,NA,N,N,N
D24,12/09/1998,1453,0.0000,NA,NA,NA,NA,NA,NA,Loc10,04/09/2002,2002,b,N,N,NA,NA,NA,NA,N,N
D28,31/05/2001,1051,0.0156,S22,13/12/1997,2316,0.0156,0.0195,5,Loc10,16/04/2004,2004,c,N,N,Y,Y,Y,Y,Y,N
D28,31/05/2001,1053,0.0156,S22,13/12/1997,2318,0.0156,0.0195,5,Loc10,18/04/2004,2004,c,N,N,Y,Y,Y,Y,Y,N
D28,31/05/2001,1084,0.0156,S22,13/12/1997,2349,0.0156,0.0195,5,Loc10,19/05/2004,2004,c,N,N,Y,Y,Y,Y,Y,N
D28,31/05/2001,1085,0.0156,S22,13/12/1997,2350,0.0156,0.0195,5,Loc10,20/05/2004,2004,c,N,N,Y,Y,Y,Y,Y,N
D28,31/05/2001,1117,0.0156,S22,13/12/1997,2382,0.0156,0.0195,5,Loc10,21/06/2004,2004,c,N,N,Y,Y,Y,Y,Y,N
D28,31/05/2001,1125,0.0156,S22,13/12/1997,2390,0.0156,0.0195,5,Loc10,29/06/2004,2004,c,N,N,Y,Y,Y,Y,Y,N
D28,31/05/2001,1125,0.0156,S22,13/12/1997,2390,0.0156,0.0195,5,Loc10,29/06/2004,2004,c,N,N,N,NA,NA,N,N,N
D28,31/05/2001,1153,0.0156,S22,13/12/1997,2418,0.0156,0.0195,5,Loc10,27/07/2004,2004,c,N,N,Y,Y,Y,Y,Y,N
D28,31/05/2001,1153,0.0156,S22,13/12/1997,2418,0.0156,0.0195,5,Loc10,27/07/2004,2004,c,N,N,Y,Y,Y,Y,Y,N
D28,31/05/2001,1183,0.0156,S22,13/12/1997,2448,0.0156,0.0195,5,Loc10,26/08/2004,2004,c,Y,Y,U,NA,NA,N,N,N
D28,31/05/2001,1185,0.0156,S22,13/12/1997,2450,0.0156,0.0195,5,Loc10,28/08/2004,2004,c,Y,Y,U,NA,NA,N,N,N
D28,31/05/2001,1416,0.0156,S22,13/12/1997,2681,0.0156,0.0195,5,Loc10,16/04/2005,2005,c,Y,Y,U,NA,NA,N,N,N
D28,31/05/2001,1432,0.0156,S22,13/12/1997,2697,0.0156,0.0195,5,Loc10,02/05/2005,2005,c,N,N,N,NA,NA,N,N,N
D28,31/05/2001,1475,0.0156,S22,13/12/1997,2740,0.0156,0.0195,5,Loc10,14/06/2005,2005,c,N,N,Y,Y,Y,Y,Y,N
D28,31/05/2001,1483,0.0156,S22,13/12/1997,2748,0.0156,0.0195,5,Loc10,22/06/2005,2005,c,N,N,Y,Y,Y,Y,Y,N
D28,31/05/2001,1515,0.0156,S22,13/12/1997,2780,0.0156,0.0195,5,Loc10,24/07/2005,2005,c,N,N,N,NA,NA,N,N,N
D28,31/05/2001,1521,0.0156,S22,13/12/1997,2786,0.0156,0.0195,5,Loc10,30/07/2005,2005,c,N,N,N,NA,NA,N,N,N
D28,31/05/2001,1540,0.0156,S22,13/12/1997,2805,0.0156,0.0195,5,Loc10,18/08/2005,2005,c,N,N,N,NA,NA,N,N,N
D28,31/05/2001,1546,0.0156,S22,13/12/1997,2811,0.0156,0.0195,5,Loc10,24/08/2005,2005,c,N,N,N,NA,NA,N,N,N
D33,12/07/2004,629,0.0195,S15,30/07/1991,5360,0.0000,0.0508,6,Loc10,02/04/2006,2006,c,Y,Y,U,NA,NA,N,N,N
D33,12/07/2004,631,0.0195,S15,30/07/1991,5362,0.0000,0.0508,6,Loc10,04/04/2006,2006,c,N,N,N,NA,NA,N,N,N
D28,31/05/2001,1804,0.0156,S22,13/12/1997,3069,0.0156,0.0195,5,Loc10,09/05/2006,2006,c,N,N,N,NA,NA,N,N,N
D28,31/05/2001,1805,0.0156,S22,13/12/1997,3070,0.0156,0.0195,5,Loc10,10/05/2006,2006,c,N,N,Y,Y,Y,Y,Y,N
D33,12/07/2004,694,0.0195,S15,30/07/1991,5425,0.0000,0.0508,6,Loc10,06/06/2006,2006,c,N,N,N,NA,NA,N,N,N
D33,12/07/2004,697,0.0195,S15,30/07/1991,5428,0.0000,0.0508,6,Loc10,09/06/2006,2006,c,N,N,N,NA,NA,N,N,N
D28,31/05/2001,1844,0.0156,S22,13/12/1997,3109,0.0156,0.0195,5,Loc10,18/06/2006,2006,c,Y,Y,U,NA,NA,N,N,N
D28,31/05/2001,1844,0.0156,S22,13/12/1997,3109,0.0156,0.0195,5,Loc10,18/06/2006,2006,c,Y,Y,U,NA,NA,N,N,N
D28,31/05/2001,1854,0.0156,S22,13/12/1997,3119,0.0156,0.0195,5,Loc10,28/06/2006,2006,c,N,N,N,NA,NA,N,N,N
D28,31/05/2001,1862,0.0156,S22,13/12/1997,3127,0.0156,0.0195,5,Loc10,06/07/2006,2006,c,N,N,N,NA,NA,N,N,N
D33,12/07/2004,730,0.0195,S15,30/07/1991,5461,0.0000,0.0508,6,Loc10,12/07/2006,2006,c,N,N,N,NA,NA,N,N,N
D33,12/07/2004,732,0.0195,S15,30/07/1991,5463,0.0000,0.0508,6,Loc10,14/07/2006,2006,c,N,N,N,NA,NA,N,N,N
D28,31/05/2001,1895,0.0156,S22,13/12/1997,3160,0.0156,0.0195,5,Loc10,08/08/2006,2006,c,N,N,N,NA,NA,N,N,N
D28,31/05/2001,1895,0.0156,S22,13/12/1997,3160,0.0156,0.0195,5,Loc10,08/08/2006,2006,c,N,N,N,NA,NA,N,N,N
D33,12/07/2004,993,0.0195,S15,30/07/1991,5724,0.0000,0.0508,6,Loc10,01/04/2007,2007,c,N,N,N,NA,NA,N,N,N
D33,12/07/2004,996,0.0195,S15,30/07/1991,5727,0.0000,0.0508,6,Loc10,04/04/2007,2007,c,N,N,N,NA,NA,N,N,N
D28,31/05/2001,2156,0.0156,S22,13/12/1997,3421,0.0156,0.0195,5,Loc10,26/04/2007,2007,c,N,N,Y,N,N,N,N,N
D28,31/05/2001,2156,0.0156,S22,13/12/1997,3421,0.0156,0.0195,5,Loc10,26/04/2007,2007,c,N,N,Y,Y,Y,Y,Y,N
D33,12/07/2004,1056,0.0195,S15,30/07/1991,5787,0.0000,0.0508,6,Loc10,03/06/2007,2007,c,N,N,N,NA,NA,N,N,N
D33,12/07/2004,1056,0.0195,S15,30/07/1991,5787,0.0000,0.0508,6,Loc10,03/06/2007,2007,c,N,N,Y,Y,Y,Y,Y,N
D28,31/05/2001,2199,0.0156,S22,13/12/1997,3464,0.0156,0.0195,5,Loc10,08/06/2007,2007,c,N,N,U,U,N,N,N,N
D28,31/05/2001,2201,0.0156,S22,13/12/1997,3466,0.0156,0.0195,5,Loc10,10/06/2007,2007,c,Y,Y,U,NA,NA,N,N,N
D28,31/05/2001,2211,0.0156,S22,13/12/1997,3476,0.0156,0.0195,5,Loc10,20/06/2007,2007,c,N,N,Y,Y,Y,Y,Y,N
D28,31/05/2001,2213,0.0156,S22,13/12/1997,3478,0.0156,0.0195,5,Loc10,22/06/2007,2007,c,N,N,Y,Y,Y,Y,Y,N
D33,12/07/2004,1081,0.0195,S15,30/07/1991,5812,0.0000,0.0508,6,Loc10,28/06/2007,2007,c,N,N,Y,Y,Y,Y,Y,N
D33,12/07/2004,1083,0.0195,S15,30/07/1991,5814,0.0000,0.0508,6,Loc10,30/06/2007,2007,c,N,N,Y,Y,Y,Y,Y,N
D33,12/07/2004,1090,0.0195,S15,30/07/1991,5821,0.0000,0.0508,6,Loc10,07/07/2007,2007,c,N,N,N,NA,NA,N,N,N
D33,12/07/2004,1114,0.0195,S15,30/07/1991,5845,0.0000,0.0508,6,Loc10,31/07/2007,2007,c,N,N,N,NA,NA,N,N,Y
D33,12/07/2004,1116,0.0195,S15,30/07/1991,5847,0.0000,0.0508,6,Loc10,02/08/2007,2007,c,N,N,N,NA,NA,N,N,Y
D33,12/07/2004,1130,0.0195,S15,30/07/1991,5861,0.0000,0.0508,6,Loc10,16/08/2007,2007,c,N,N,U,U,N,N,N,N
D33,12/07/2004,1132,0.0195,S15,30/07/1991,5863,0.0000,0.0508,6,Loc10,18/08/2007,2007,c,N,N,U,U,N,N,N,N
D28,31/05/2001,2493,0.0156,S22,13/12/1997,3758,0.0156,0.0195,5,Loc10,28/03/2008,2008,c,N,N,Y,Y,Y,Y,Y,N
D28,31/05/2001,2493,0.0156,S22,13/12/1997,3758,0.0156,0.0195,5,Loc10,28/03/2008,2008,c,N,N,Y,Y,N,N,N,N
D28,31/05/2001,2567,0.0156,S22,13/12/1997,3832,0.0156,0.0195,5,Loc10,10/06/2008,2008,c,N,N,Y,Y,Y,Y,Y,N
D28,31/05/2001,2570,0.0156,S22,13/12/1997,3835,0.0156,0.0195,5,Loc10,13/06/2008,2008,c,N,N,N,NA,NA,N,N,N
D28,31/05/2001,2615,0.0156,S22,13/12/1997,3880,0.0156,0.0195,5,Loc10,28/07/2008,2008,c,N,N,N,NA,NA,N,N,N
D28,31/05/2001,2619,0.0156,S22,13/12/1997,3884,0.0156,0.0195,5,Loc10,01/08/2008,2008,c,N,N,N,NA,NA,N,N,N
D28,31/05/2001,2862,0.0156,S22,13/12/1997,4127,0.0156,0.0195,5,Loc10,01/04/2009,2009,c,N,N,N,NA,NA,N,N,N
D28,31/05/2001,2864,0.0156,S22,13/12/1997,4129,0.0156,0.0195,5,Loc10,03/04/2009,2009,c,N,N,N,NA,NA,N,N,N
D40,17/08/2006,983,0.0352,S34,09/07/2005,1387,0.0195,0.0688,7,Loc10,26/04/2009,2009,c,Y,Y,U,NA,NA,N,N,N
D28,31/05/2001,2890,0.0156,S22,13/12/1997,4155,0.0156,0.0195,5,Loc10,29/04/2009,2009,c,N,N,N,NA,NA,N,N,N
D28,31/05/2001,2892,0.0156,S22,13/12/1997,4157,0.0156,0.0195,5,Loc10,01/05/2009,2009,c,N,N,N,NA,NA,N,N,N
D40,17/08/2006,998,0.0352,S34,09/07/2005,1402,0.0195,0.0688,7,Loc10,11/05/2009,2009,c,N,N,Y,Y,Y,Y,Y,N
D40,17/08/2006,1001,0.0352,S34,09/07/2005,1405,0.0195,0.0688,7,Loc10,14/05/2009,2009,c,N,N,Y,N,N,N,N,N
D28,31/05/2001,2928,0.0156,S22,13/12/1997,4193,0.0156,0.0195,5,Loc10,06/06/2009,2009,c,N,N,N,NA,NA,N,N,N
D28,31/05/2001,2930,0.0156,S22,13/12/1997,4195,0.0156,0.0195,5,Loc10,08/06/2009,2009,c,N,N,N,NA,NA,N,N,N
D28,31/05/2001,2957,0.0156,S22,13/12/1997,4222,0.0156,0.0195,5,Loc10,05/07/2009,2009,c,N,N,U,U,N,N,N,N
D40,17/08/2006,1064,0.0352,S34,09/07/2005,1468,0.0195,0.0688,7,Loc10,16/07/2009,2009,c,N,N,Y,Y,Y,Y,Y,N
D40,17/08/2006,1066,0.0352,S34,09/07/2005,1470,0.0195,0.0688,7,Loc10,18/07/2009,2009,c,N,N,Y,Y,Y,Y,Y,N
D28,31/05/2001,2973,0.0156,S22,13/12/1997,4238,0.0156,0.0195,5,Loc10,21/07/2009,2009,c,N,N,U,U,N,N,N,N
D28,31/05/2001,3224,0.0156,S22,13/12/1997,4489,0.0156,0.0195,5,Loc10,29/03/2010,2010,c,N,N,N,NA,NA,N,N,N
D28,31/05/2001,3224,0.0156,S22,13/12/1997,4489,0.0156,0.0195,5,Loc10,29/03/2010,2010,c,N,N,N,NA,NA,N,N,N
D40,17/08/2006,1342,0.0352,S34,09/07/2005,1746,0.0195,0.0688,7,Loc10,20/04/2010,2010,c,N,N,N,NA,NA,N,N,N
D28,31/05/2001,3259,0.0156,S22,13/12/1997,4524,0.0156,0.0195,5,Loc10,03/05/2010,2010,c,Y,Y,N,NA,NA,N,N,N
D28,31/05/2001,3259,0.0156,S22,13/12/1997,4524,0.0156,0.0195,5,Loc10,03/05/2010,2010,c,Y,Y,N,NA,NA,N,N,N
D40,17/08/2006,1364,0.0352,S34,09/07/2005,1768,0.0195,0.0688,7,Loc10,12/05/2010,2010,c,N,N,U,U,N,U,U,Y
D40,17/08/2006,1364,0.0352,S34,09/07/2005,1768,0.0195,0.0688,7,Loc10,12/05/2010,2010,c,N,N,Y,Y,Y,Y,Y,N
D28,31/05/2001,3306,0.0156,S22,13/12/1997,4571,0.0156,0.0195,5,Loc10,19/06/2010,2010,c,U,U,N,NA,NA,N,N,N
D40,17/08/2006,1438,0.0352,S34,09/07/2005,1842,0.0195,0.0688,7,Loc10,25/07/2010,2010,c,Y,Y,U,NA,NA,N,N,N
D28,31/05/2001,3343,0.0156,S22,13/12/1997,4608,0.0156,0.0195,5,Loc10,26/07/2010,2010,c,U,U,U,N,NA,N,N,N
D49,10/06/2011,1715,0.0815,S42,13/05/2009,2473,0.0718,0.0927,9,Loc13,19/02/2016,2016,d,U,U,Y,N,N,N,N,N
D54,14/07/2012,1357,0.0782,S46,14/05/2010,2149,0.0883,0.0998,9,Loc13,01/04/2016,2016,d,U,U,N,NA,NA,N,N,N
D54,14/07/2012,1359,0.0782,S46,14/05/2010,2151,0.0883,0.0998,9,Loc13,03/04/2016,2016,d,U,U,N,NA,NA,N,N,N
D54,14/07/2012,1393,0.0782,S46,14/05/2010,2185,0.0883,0.0998,9,Loc13,07/05/2016,2016,d,U,U,Y,N,N,N,N,N
D54,14/07/2012,1395,0.0782,S46,14/05/2010,2187,0.0883,0.0998,9,Loc13,09/05/2016,2016,d,U,U,N,NA,NA,N,N,N
D54,14/07/2012,1428,0.0782,S46,14/05/2010,2220,0.0883,0.0998,9,Loc13,11/06/2016,2016,d,U,U,N,NA,NA,N,N,N
D54,14/07/2012,1430,0.0782,S46,14/05/2010,2222,0.0883,0.0998,9,Loc13,13/06/2016,2016,d,U,U,N,NA,NA,N,N,N
D54,14/07/2012,1432,0.0782,S46,14/05/2010,2224,0.0883,0.0998,9,Loc13,15/06/2016,2016,d,U,U,N,NA,NA,N,N,N
D49,10/06/2011,1833,0.0815,S42,13/05/2009,2591,0.0718,0.0927,9,Loc13,16/06/2016,2016,d,U,U,Y,Y,Y,Y,Y,N
D49,10/06/2011,1835,0.0815,S42,13/05/2009,2593,0.0718,0.0927,9,Loc13,18/06/2016,2016,d,U,U,Y,N,N,N,N,N
D54,14/07/2012,1457,0.0782,S46,14/05/2010,2249,0.0883,0.0998,9,Loc13,10/07/2016,2016,d,U,U,N,NA,NA,N,N,N
D54,14/07/2012,1459,0.0782,S46,14/05/2010,2251,0.0883,0.0998,9,Loc13,12/07/2016,2016,d,U,U,N,NA,NA,N,N,N
D54,14/07/2012,1472,0.0782,S46,14/05/2010,2264,0.0883,0.0998,9,Loc13,25/07/2016,2016,d,U,U,N,NA,NA,N,N,Y
D54,14/07/2012,1474,0.0782,S46,14/05/2010,2266,0.0883,0.0998,9,Loc13,27/07/2016,2016,d,U,U,N,NA,NA,N,N,Y
D54,14/07/2012,1476,0.0782,S46,14/05/2010,2268,0.0883,0.0998,9,Loc13,29/07/2016,2016,d,U,U,N,NA,NA,N,N,Y
D54,14/07/2012,1478,0.0782,S46,14/05/2010,2270,0.0883,0.0998,9,Loc13,31/07/2016,2016,d,U,U,N,NA,NA,N,N,Y
D49,10/06/2011,1902,0.0815,S42,13/05/2009,2660,0.0718,0.0927,9,Loc13,24/08/2016,2016,d,U,U,N,NA,NA,N,N,N
D49,10/06/2011,1907,0.0815,S42,13/05/2009,2665,0.0718,0.0927,9,Loc13,29/08/2016,2016,d,U,U,Y,N,N,N,N,N
D54,14/07/2012,1681,0.0782,S46,14/05/2010,2473,0.0883,0.0998,9,Loc13,19/02/2017,2017,d,U,U,N,NA,NA,N,N,N
D54,14/07/2012,1683,0.0782,S46,14/05/2010,2475,0.0883,0.0998,9,Loc13,21/02/2017,2017,d,U,U,N,NA,NA,N,N,N
D54,14/07/2012,1723,0.0782,S46,14/05/2010,2515,0.0883,0.0998,9,Loc13,02/04/2017,2017,d,U,U,N,NA,NA,N,N,N
D54,14/07/2012,1725,0.0782,S46,14/05/2010,2517,0.0883,0.0998,9,Loc13,04/04/2017,2017,d,U,U,N,NA,NA,N,N,N
D54,14/07/2012,1727,0.0782,S46,14/05/2010,2519,0.0883,0.0998,9,Loc13,06/04/2017,2017,d,U,U,N,NA,NA,N,N,N
D49,10/06/2011,2129,0.0815,S42,13/05/2009,2887,0.0718,0.0927,9,Loc13,08/04/2017,2017,d,U,U,Y,N,N,N,N,N
D49,10/06/2011,2131,0.0815,S42,13/05/2009,2889,0.0718,0.0927,9,Loc13,10/04/2017,2017,d,U,U,N,NA,NA,N,N,N
D54,14/07/2012,1771,0.0782,S46,14/05/2010,2563,0.0883,0.0998,9,Loc13,20/05/2017,2017,d,U,U,N,NA,NA,N,N,N
D49,10/06/2011,2172,0.0815,S42,13/05/2009,2930,0.0718,0.0927,9,Loc13,21/05/2017,2017,d,U,U,Y,Y,Y,Y,Y,N
D54,14/07/2012,1773,0.0782,S46,14/05/2010,2565,0.0883,0.0998,9,Loc13,22/05/2017,2017,d,U,U,N,NA,NA,N,N,N
D49,10/06/2011,2174,0.0815,S42,13/05/2009,2932,0.0718,0.0927,9,Loc13,23/05/2017,2017,d,U,U,N,NA,NA,N,N,N
D49,10/06/2011,2242,0.0815,S42,13/05/2009,3000,0.0718,0.0927,9,Loc13,30/07/2017,2017,d,U,U,Y,Y,Y,Y,Y,N
D49,10/06/2011,2244,0.0815,S42,13/05/2009,3002,0.0718,0.0927,9,Loc13,01/08/2017,2017,d,U,U,N,NA,NA,N,N,N
D49,10/06/2011,2403,0.0815,S42,13/05/2009,3161,0.0718,0.0927,9,Loc13,07/01/2018,2018,d,U,U,N,NA,NA,N,N,N
D54,14/07/2012,2034,0.0782,S46,14/05/2010,2826,0.0883,0.0998,9,Loc13,07/02/2018,2018,d,U,U,N,NA,NA,N,N,N
D49,10/06/2011,2447,0.0815,S42,13/05/2009,3205,0.0718,0.0927,9,Loc13,20/02/2018,2018,d,U,U,N,NA,NA,N,N,N
D49,10/06/2011,2450,0.0815,S42,13/05/2009,3208,0.0718,0.0927,9,Loc13,23/02/2018,2018,d,U,U,N,NA,NA,N,N,N
D49,10/06/2011,2486,0.0815,S42,13/05/2009,3244,0.0718,0.0927,9,Loc13,31/03/2018,2018,d,U,U,N,NA,NA,N,N,N
D49,10/06/2011,2488,0.0815,S42,13/05/2009,3246,0.0718,0.0927,9,Loc13,02/04/2018,2018,d,U,U,N,NA,NA,N,N,N
D54,14/07/2012,2103,0.0782,S36,11/08/2005,4632,0.0684,0.0742,9,Loc13,17/04/2018,2018,d,U,U,N,NA,NA,N,N,N
D54,14/07/2012,2105,0.0782,S36,11/08/2005,4634,0.0684,0.0742,9,Loc13,19/04/2018,2018,d,U,U,N,NA,NA,N,N,N
D49,10/06/2011,2519,0.0815,S42,13/05/2009,3277,0.0718,0.0927,9,Loc13,03/05/2018,2018,d,U,U,Y,Y,Y,Y,Y,N
D49,10/06/2011,2522,0.0815,S42,13/05/2009,3280,0.0718,0.0927,9,Loc13,06/05/2018,2018,d,U,U,Y,Y,Y,Y,Y,N
D49,10/06/2011,2576,0.0815,S42,13/05/2009,3334,0.0718,0.0927,9,Loc13,29/06/2018,2018,d,U,U,Y,N,N,N,N,N
D49,10/06/2011,2578,0.0815,S42,13/05/2009,3336,0.0718,0.0927,9,Loc13,01/07/2018,2018,d,U,U,Y,N,N,N,N,N
D54,14/07/2012,2389,0.0782,S36,11/08/2005,4918,0.0684,0.0742,9,Loc13,28/01/2019,2019,d,U,U,N,NA,NA,N,N,N
D54,14/07/2012,2391,0.0782,S36,11/08/2005,4920,0.0684,0.0742,9,Loc13,30/01/2019,2019,d,U,U,N,NA,NA,N,N,N
D54,14/07/2012,2434,0.0782,S36,11/08/2005,4963,0.0684,0.0742,9,Loc13,14/03/2019,2019,d,U,U,N,NA,NA,N,N,N
D54,14/07/2012,2436,0.0782,S36,11/08/2005,4965,0.0684,0.0742,9,Loc13,16/03/2019,2019,d,U,U,N,NA,NA,N,N,N
D30,22/09/2002,1305,0.0391,S24,25/04/1999,2551,0.0000,0.0392,6,Loc11,19/04/2006,2006,c,Y,Y,U,NA,NA,N,N,NA
D30,22/09/2002,1308,0.0391,S24,25/04/1999,2554,0.0000,0.0392,6,Loc11,22/04/2006,2006,c,Y,Y,U,NA,NA,N,N,NA
D30,22/09/2002,1330,0.0391,S24,25/04/1999,2576,0.0000,0.0392,6,Loc11,14/05/2006,2006,c,N,N,Y,Y,N,N,N,Y
D30,22/09/2002,1332,0.0391,S24,25/04/1999,2578,0.0000,0.0392,6,Loc11,16/05/2006,2006,c,Y,Y,U,NA,NA,N,N,NA
D30,22/09/2002,1363,0.0391,S24,25/04/1999,2609,0.0000,0.0392,6,Loc11,16/06/2006,2006,c,N,N,Y,Y,N,N,N,Y
D30,22/09/2002,1365,0.0391,S24,25/04/1999,2611,0.0000,0.0392,6,Loc11,18/06/2006,2006,c,N,N,Y,N,N,N,N,Y
D30,22/09/2002,1403,0.0391,S24,25/04/1999,2649,0.0000,0.0392,6,Loc11,26/07/2006,2006,c,N,N,Y,N,N,N,N,Y
D30,22/09/2002,1405,0.0391,S24,25/04/1999,2651,0.0000,0.0392,6,Loc11,28/07/2006,2006,c,N,N,Y,Y,Y,Y,Y,Y
D30,22/09/2002,1528,0.0391,S24,25/04/1999,2774,0.0000,0.0392,6,Loc11,28/11/2006,2006,c,N,N,N,NA,NA,N,N,Y
D30,22/09/2002,1530,0.0391,S24,25/04/1999,2776,0.0000,0.0392,6,Loc11,30/11/2006,2006,c,N,N,Y,Y,N,N,N,Y
D30,22/09/2002,1615,0.0391,S24,25/04/1999,2861,0.0000,0.0392,6,Loc11,23/02/2007,2007,c,Y,Y,U,NA,NA,N,N,NA
D30,22/09/2002,1627,0.0391,S24,25/04/1999,2873,0.0000,0.0392,6,Loc11,07/03/2007,2007,c,,,Y,NA,NA,N,N,Y
D30,22/09/2002,1628,0.0391,S24,25/04/1999,2874,0.0000,0.0392,6,Loc11,08/03/2007,2007,c,,,Y,NA,NA,N,N,Y
D30,22/09/2002,1666,0.0391,S24,25/04/1999,2912,0.0000,0.0392,6,Loc11,15/04/2007,2007,c,N,N,Y,Y,Y,Y,Y,Y
D30,22/09/2002,1668,0.0391,S24,25/04/1999,2914,0.0000,0.0392,6,Loc11,17/04/2007,2007,c,N,N,Y,Y,Y,Y,Y,Y
D30,22/09/2002,1723,0.0391,S24,25/04/1999,2969,0.0000,0.0392,6,Loc11,11/06/2007,2007,c,N,N,Y,Y,Y,Y,Y,Y
D30,22/09/2002,1725,0.0391,S24,25/04/1999,2971,0.0000,0.0392,6,Loc11,13/06/2007,2007,c,N,N,Y,Y,N,N,N,Y
D30,22/09/2002,1899,0.0391,S24,25/04/1999,3145,0.0000,0.0392,6,Loc11,04/12/2007,2007,c,N,N,Y,Y,N,N,N,Y
D30,22/09/2002,1905,0.0391,S24,25/04/1999,3151,0.0000,0.0392,6,Loc11,10/12/2007,2007,c,Y,Y,U,NA,NA,N,N,NA
D30,22/09/2002,1954,0.0391,S24,25/04/1999,3200,0.0000,0.0392,6,Loc11,28/01/2008,2008,c,N,N,U,NA,NA,N,N,N
D30,22/09/2002,2003,0.0391,S24,25/04/1999,3249,0.0000,0.0392,6,Loc11,17/03/2008,2008,c,N,N,N,NA,NA,N,N,Y
D30,22/09/2002,2010,0.0391,S24,25/04/1999,3256,0.0000,0.0392,6,Loc11,24/03/2008,2008,c,N,N,Y,Y,Y,Y,Y,N
D30,22/09/2002,2073,0.0391,S24,25/04/1999,3319,0.0000,0.0392,6,Loc11,26/05/2008,2008,c,Y,Y,U,NA,NA,N,N,NA
D30,22/09/2002,2076,0.0391,S24,25/04/1999,3322,0.0000,0.0392,6,Loc11,29/05/2008,2008,c,Y,Y,U,NA,NA,N,N,NA
D30,22/09/2002,2091,0.0391,S24,25/04/1999,3337,0.0000,0.0392,6,Loc11,13/06/2008,2008,c,Y,Y,U,NA,NA,N,N,NA
D30,22/09/2002,2109,0.0391,S24,25/04/1999,3355,0.0000,0.0392,6,Loc11,01/07/2008,2008,c,N,N,Y,N,N,N,N,P
D30,22/09/2002,2111,0.0391,S24,25/04/1999,3357,0.0000,0.0392,6,Loc11,03/07/2008,2008,c,Y,Y,U,NA,NA,N,N,NA
D30,22/09/2002,2237,0.0391,S24,25/04/1999,3483,0.0000,0.0392,6,Loc11,06/11/2008,2008,c,Y,Y,U,NA,NA,N,N,N
D30,22/09/2002,2239,0.0391,S24,25/04/1999,3485,0.0000,0.0392,6,Loc11,08/11/2008,2008,c,N,N,N,NA,NA,N,N,Y
D30,22/09/2002,2318,0.0391,S24,25/04/1999,3564,0.0000,0.0392,6,Loc11,26/01/2009,2009,c,N,N,N,NA,NA,N,N,Y
D30,22/09/2002,2320,0.0391,S24,25/04/1999,3566,0.0000,0.0392,6,Loc11,28/01/2009,2009,c,N,N,N,NA,NA,N,N,Y
D30,22/09/2002,2363,0.0391,S24,25/04/1999,3609,0.0000,0.0392,6,Loc11,12/03/2009,2009,c,Y,Y,U,NA,NA,N,N,NA
D30,22/09/2002,2366,0.0391,S24,25/04/1999,3612,0.0000,0.0392,6,Loc11,15/03/2009,2009,c,N,N,Y,Y,Y,Y,Y,Y
D30,22/09/2002,2381,0.0391,S24,25/04/1999,3627,0.0000,0.0392,6,Loc11,30/03/2009,2009,c,N,N,Y,Y,Y,Y,Y,Y
D30,22/09/2002,2383,0.0391,S24,25/04/1999,3629,0.0000,0.0392,6,Loc11,01/04/2009,2009,c,N,N,Y,Y,N,N,N,Y
D30,22/09/2002,2442,0.0391,S24,25/04/1999,3688,0.0000,0.0392,6,Loc11,30/05/2009,2009,c,Y,Y,U,NA,NA,N,N,NA
D30,22/09/2002,2458,0.0391,S24,25/04/1999,3704,0.0000,0.0392,6,Loc11,15/06/2009,2009,c,Y,Y,U,NA,NA,N,N,NA
D30,22/09/2002,2552,0.0391,S24,25/04/1999,3798,0.0000,0.0392,6,Loc11,17/09/2009,2009,c,Y,Y,U,NA,NA,N,N,NA
D30,22/09/2002,2474,0.0391,S24,25/04/1999,3720,0.0000,0.0392,6,Loc11,01/07/2009,2009,c,N,N,Y,Y,Y,Y,Y,N
D30,22/09/2002,2476,0.0391,S24,25/04/1999,3722,0.0000,0.0392,6,Loc11,03/07/2009,2009,c,N,N,Y,Y,Y,Y,Y,N
D30,22/09/2002,2529,0.0391,S24,25/04/1999,3775,0.0000,0.0392,6,Loc11,25/08/2009,2009,c,Y,Y,U,NA,NA,N,N,N
D30,22/09/2002,2653,0.0391,S24,25/04/1999,3899,0.0000,0.0392,6,Loc11,27/12/2009,2009,c,N,N,Y,Y,N,N,N,Y
D30,22/09/2002,2655,0.0391,S24,25/04/1999,3901,0.0000,0.0392,6,Loc11,29/12/2009,2009,c,Y,Y,N,NA,NA,N,N,NA
D30,22/09/2002,2695,0.0391,S24,25/04/1999,3941,0.0000,0.0392,6,Loc11,07/02/2010,2010,c,N,N,Y,N,N,N,N,Y
D30,22/09/2002,2697,0.0391,S24,25/04/1999,3943,0.0000,0.0392,6,Loc11,09/02/2010,2010,c,N,N,Y,Y,Y,Y,Y,P
D30,22/09/2002,2751,0.0391,S24,25/04/1999,3997,0.0000,0.0392,6,Loc11,04/04/2010,2010,c,Y,Y,U,NA,NA,N,N,NA
D30,22/09/2002,2754,0.0391,S24,25/04/1999,4000,0.0000,0.0392,6,Loc11,07/04/2010,2010,c,Y,Y,U,NA,NA,N,N,NA
D30,22/09/2002,2775,0.0391,S24,25/04/1999,4021,0.0000,0.0392,6,Loc11,28/04/2010,2010,c,N,N,Y,N,N,N,N,Y
D30,22/09/2002,2789,0.0391,S24,25/04/1999,4035,0.0000,0.0392,6,Loc11,12/05/2010,2010,c,N,N,N,NA,NA,N,N,Y
D30,22/09/2002,2791,0.0391,S24,25/04/1999,4037,0.0000,0.0392,6,Loc11,14/05/2010,2010,c,N,N,N,NA,NA,N,N,N
D30,22/09/2002,2836,0.0391,S24,25/04/1999,4082,0.0000,0.0392,6,Loc11,28/06/2010,2010,c,Y,Y,U,NA,NA,N,N,NA
D30,22/09/2002,2691,0.0391,S24,25/04/1999,3937,0.0000,0.0392,6,Loc11,03/02/2010,2010,c,Y,Y,U,NA,NA,N,N,NA
D30,22/09/2002,2693,0.0391,S24,25/04/1999,3939,0.0000,0.0392,6,Loc11,05/02/2010,2010,c,N,N,N,NA,NA,N,N,Y
D38,21/06/2006,1074,0.0697,S9,10/05/1987,8056,0.0000,0.0608,8,Loc11,30/05/2009,2009,c,N,N,N,NA,NA,N,N,Y
D38,21/06/2006,1076,0.0697,S9,10/05/1987,8058,0.0000,0.0608,8,Loc11,01/06/2009,2009,c,N,N,N,NA,NA,N,N,Y
D38,21/06/2006,1108,0.0697,S9,10/05/1987,8090,0.0000,0.0608,8,Loc11,03/07/2009,2009,c,N,N,N,NA,NA,N,N,Y
D38,21/06/2006,1109,0.0697,S9,10/05/1987,8091,0.0000,0.0608,8,Loc11,04/07/2009,2009,c,N,N,N,NA,NA,N,N,Y
D38,21/06/2006,1341,0.0697,S9,10/05/1987,8323,0.0000,0.0608,8,Loc11,21/02/2010,2010,c,N,N,N,NA,NA,N,N,Y
D38,21/06/2006,1346,0.0697,S9,10/05/1987,8328,0.0000,0.0608,8,Loc11,26/02/2010,2010,c,N,N,N,NA,NA,N,N,Y
D38,21/06/2006,1368,0.0697,S9,10/05/1987,8350,0.0000,0.0608,8,Loc11,20/03/2010,2010,c,N,N,N,NA,NA,N,N,Y
D38,21/06/2006,1402,0.0697,S9,10/05/1987,8384,0.0000,0.0608,8,Loc11,23/04/2010,2010,c,N,N,N,NA,NA,N,N,Y
D38,21/06/2006,1404,0.0697,S9,10/05/1987,8386,0.0000,0.0608,8,Loc11,25/04/2010,2010,c,N,N,N,NA,NA,N,N,Y
D38,21/06/2006,1438,0.0697,S9,10/05/1987,8420,0.0000,0.0608,8,Loc11,29/05/2010,2010,c,N,N,N,NA,NA,N,N,Y
D38,21/06/2006,1440,0.0697,S9,10/05/1987,8422,0.0000,0.0608,8,Loc11,31/05/2010,2010,c,N,N,N,NA,NA,N,N,Y
D38,21/06/2006,1473,0.0697,S9,10/05/1987,8455,0.0000,0.0608,8,Loc11,03/07/2010,2010,c,Y,Y,U,NA,NA,N,N,NA
D38,21/06/2006,1477,0.0697,S9,10/05/1987,8459,0.0000,0.0608,8,Loc11,07/07/2010,2010,c,Y,Y,U,NA,NA,N,N,NA
D38,21/06/2006,1732,0.0697,NA,NA,NA,NA,NA,NA,Loc11,19/03/2011,2011,c,N,N,NA,NA,NA,NA,N,N
D38,21/06/2006,1735,0.0697,NA,NA,NA,NA,NA,NA,Loc11,22/03/2011,2011,c,N,N,NA,NA,NA,NA,N,N
D38,21/06/2006,1775,0.0697,S41,26/04/2009,735,0.0854,0.1057,8,Loc11,01/05/2011,2011,c,N,N,N,NA,NA,N,N,Y
D38,21/06/2006,1777,0.0697,S41,26/04/2009,737,0.0854,0.1057,8,Loc11,03/05/2011,2011,c,N,N,Y,N,N,N,N,Y
D38,21/06/2006,1814,0.0697,S41,26/04/2009,774,0.0854,0.1057,8,Loc11,09/06/2011,2011,c,N,N,N,NA,NA,N,N,Y
D38,21/06/2006,1814,0.0697,S41,26/04/2009,774,0.0854,0.1057,8,Loc11,09/06/2011,2011,c,N,N,N,NA,NA,N,N,Y
D38,21/06/2006,1849,0.0697,S41,26/04/2009,809,0.0854,0.1057,8,Loc11,14/07/2011,2011,c,,N,Y,N,N,N,N,Y
D38,21/06/2006,1849,0.0697,S41,26/04/2009,809,0.0854,0.1057,8,Loc11,14/07/2011,2011,c,N,N,Y,Y,N,N,N,Y
D38,21/06/2006,2114,0.0697,NA,NA,NA,NA,NA,NA,Loc11,04/04/2012,2012,c,Y,Y,NA,NA,NA,NA,N,NA
D47,18/08/2010,938,0.0697,NA,NA,NA,NA,NA,NA,Loc11,13/03/2013,2013,d,Y,Y,NA,NA,NA,NA,N,NA
D47,18/08/2010,970,0.0697,S41,26/04/2009,1449,0.0854,0.1057,8,Loc11,14/04/2013,2013,d,N,N,Y,N,N,N,N,Y